sample_id,category,source_family,source_dataset,source_ids,status,reason,page_count,compile_seconds,nonblank_lines,source_chars,sha256_source,sha256_pdf,sample_dir
03_math_inline_display_001,03_math_inline_display,hf_extracted,OleehyO/latex-formulas,latex-formulas-18788;latex-formulas-10607;latex-formulas-15736;latex-formulas-2042;latex-formulas-18781,accepted,accepted,1,0.9322766250000001,22,2817,fab8f2c8c11fafff05709c0d99f2947b168178f89031242d2c0486ae543ffb85,5731afa107744553691db144b976ffdbddcda8888d8e45fac220998d01f4b7ef,data/latex_benchmark_v0/corpus/03_math_inline_display/03_math_inline_display_001
03_math_inline_display_002,03_math_inline_display,hf_extracted,OleehyO/latex-formulas,latex-formulas-18790;latex-formulas-18859;latex-formulas-9111;latex-formulas-18787;latex-formulas-4178,accepted,accepted,1,0.8704886669999965,22,2745,0a62363e99960a1d3ad9cc24a30b9a87f6a3129f806139b0bd35eccf60390019,92cecbc77c250648bc8c6daeb0acfe5be590182922603476840486f8e3afe24d,data/latex_benchmark_v0/corpus/03_math_inline_display/03_math_inline_display_002
03_math_inline_display_003,03_math_inline_display,hf_extracted,OleehyO/latex-formulas,latex-formulas-5539;latex-formulas-7141;latex-formulas-7156;latex-formulas-7823;latex-formulas-9101,accepted,accepted,1,0.8993483750000024,22,2688,376733abe65bf6e7ca0b6db4e0d07938d5ba31e2b309b3825df100a7beba03df,9e20c9b4de678212c5da4a7e6d6b34f1e6c342f0223fe0f9964c358799604ddc,data/latex_benchmark_v0/corpus/03_math_inline_display/03_math_inline_display_003
03_math_inline_display_004,03_math_inline_display,hf_extracted,OleehyO/latex-formulas,latex-formulas-11406;latex-formulas-15569;latex-formulas-10834;latex-formulas-17675;latex-formulas-19412,accepted,accepted,1,0.8286912089999987,22,2653,014f7dc6fbf0b1cdf153152fd742fe0924f5ff94cd6763f446aeca91b2cc7c81,f38b8dab4a950fd49c8ef41225470aa4638282d6f3234d529519ba42a8e77cbb,data/latex_benchmark_v0/corpus/03_math_inline_display/03_math_inline_display_004
03_math_inline_display_005,03_math_inline_display,hf_extracted,OleehyO/latex-formulas,latex-formulas-15642;latex-formulas-371;latex-formulas-12079;latex-formulas-6166;latex-formulas-6522,accepted,accepted,1,0.8073235409999953,22,2617,343a3d9c59a02425f4c5ebc266b9612d54548a8b33c9c61aa34014c035b78852,2923880123e708545b1e50c83262adc35c611237aad1d0bc01ff0d2ce141e6f4,data/latex_benchmark_v0/corpus/03_math_inline_display/03_math_inline_display_005
03_math_inline_display_006,03_math_inline_display,hf_extracted,OleehyO/latex-formulas,latex-formulas-1663;latex-formulas-3111;latex-formulas-7503;latex-formulas-9629;latex-formulas-14700,accepted,accepted,1,0.8457264579999944,22,2601,3a22d9112ba6d06f5075f5ebcbd08203feb39f7749f4eff6d9b3a24f92fc47b4,23f2e0bd1f8f326ebd793d53e30208f8fcb841508f81c6e831a71a13afed4ea8,data/latex_benchmark_v0/corpus/03_math_inline_display/03_math_inline_display_006
03_math_inline_display_007,03_math_inline_display,hf_extracted,OleehyO/latex-formulas,latex-formulas-15311;latex-formulas-17494;latex-formulas-9037;latex-formulas-17630;latex-formulas-745,accepted,accepted,1,0.8127750410000019,22,2572,e6dcf82cc3c80eeee39d05357fea8277ee3e0b25bbd6022dd6c19c47b897a722,c88fd4d437dadea37bbfd5231e4b0e1b0d23c55e3ed7f1d7e57fa941b803ed62,data/latex_benchmark_v0/corpus/03_math_inline_display/03_math_inline_display_007
03_math_inline_display_008,03_math_inline_display,hf_extracted,OleehyO/latex-formulas,latex-formulas-1417;latex-formulas-11690;latex-formulas-14582;latex-formulas-11947;latex-formulas-19430,accepted,accepted,1,0.7827772920000058,22,2557,c921b5620f33e7596606e66d3756c5dce99bee53f1578646f320e553b759726a,f4c258d28c11564dcd1952fe9f8a7c199ce883a8aa71b2c2d0c1ca969567b0ea,data/latex_benchmark_v0/corpus/03_math_inline_display/03_math_inline_display_008
03_math_inline_display_009,03_math_inline_display,hf_extracted,OleehyO/latex-formulas,latex-formulas-11458;latex-formulas-18798;latex-formulas-629;latex-formulas-2911;latex-formulas-5507,accepted,accepted,1,0.7987096250000008,22,2540,eba29300f7a82f0b455564c7aec24c2c7a21087f76d0ba24400f8b96ee4f14c6,029eb9d7c902ff8d664a9e5a21762df32a2bbecd69e02bf96bf2b7038efd3d0f,data/latex_benchmark_v0/corpus/03_math_inline_display/03_math_inline_display_009
03_math_inline_display_010,03_math_inline_display,hf_extracted,OleehyO/latex-formulas,latex-formulas-6386;latex-formulas-5382;latex-formulas-19306;latex-formulas-3553;latex-formulas-16091,accepted,accepted,1,0.8075078749999989,22,2529,fac7c4849c0a8b76bf85d0323b70e202d32c5a6f9d2715fa7c0be8f5a627ec36,dec792728b7b201bd0fb9a89c82757bbcae6c3d6dd04b534522390498f54d8d9,data/latex_benchmark_v0/corpus/03_math_inline_display/03_math_inline_display_010
03_math_inline_display_011,03_math_inline_display,hf_extracted,OleehyO/latex-formulas,latex-formulas-18877;latex-formulas-17021;latex-formulas-2377;latex-formulas-16543;latex-formulas-4305,accepted,accepted,1,0.8046708749999993,22,2512,e486a76fc75492d6988f6c341efce20d6de6f953a0239010c151d7a196ce85ff,010cc30943f9437e329b6a2458a2da664e2038ca79a0e813dd42008757a119b7,data/latex_benchmark_v0/corpus/03_math_inline_display/03_math_inline_display_011
03_math_inline_display_012,03_math_inline_display,hf_extracted,OleehyO/latex-formulas,latex-formulas-2666;latex-formulas-6897;latex-formulas-14583;latex-formulas-8058;latex-formulas-11184,accepted,accepted,1,0.7847868750000018,22,2497,5361c21a67d662450e3ac0026511d9914ef98d449bf86f5c7c9f12fdaf6e87aa,78d45ff98cb7e81f03775e3ea5a6eb49a9ea1810a521ebbdf156e282573b137a,data/latex_benchmark_v0/corpus/03_math_inline_display/03_math_inline_display_012
03_math_inline_display_013,03_math_inline_display,hf_extracted,OleehyO/latex-formulas,latex-formulas-1919;latex-formulas-13687;latex-formulas-15956;latex-formulas-6134;latex-formulas-10769,accepted,accepted,1,0.7953157079999968,22,2476,5d38f6126397c34f38c24f4adc47fc61f3ec49e6230b12237f519fe9877c0e4a,ab76fdf3fb6ee6382da17ec39ee44ac2d594182e2f8ee8b769a61a27808d1070,data/latex_benchmark_v0/corpus/03_math_inline_display/03_math_inline_display_013
03_math_inline_display_014,03_math_inline_display,hf_extracted,OleehyO/latex-formulas,latex-formulas-764;latex-formulas-1306;latex-formulas-3457;latex-formulas-13503;latex-formulas-18870,accepted,accepted,1,0.7944052500000041,22,2458,214672a2bc54543c891a29815421aa60f2a7f000e93e2a122335837df1dcbb38,ca590475d359c6ebf6d1f29f5b0bba107300d6d2e01c1baa6a7f519c449cc38a,data/latex_benchmark_v0/corpus/03_math_inline_display/03_math_inline_display_014
03_math_inline_display_015,03_math_inline_display,hf_extracted,OleehyO/latex-formulas,latex-formulas-12190;latex-formulas-15538;latex-formulas-16249;latex-formulas-10254;latex-formulas-10408,accepted,accepted,1,0.8228916670000004,22,2448,de2fbc66d7938011310f7e89a78d14b421a57b4806cbf8b80311abd367fd72a9,56feeb2acb21fededfdb54f38f7db4b45b0a8a9a2676b56cdae8ee7c9dd85f53,data/latex_benchmark_v0/corpus/03_math_inline_display/03_math_inline_display_015
03_math_inline_display_016,03_math_inline_display,hf_extracted,OleehyO/latex-formulas,latex-formulas-12101;latex-formulas-18763;latex-formulas-15953;latex-formulas-3248;latex-formulas-7242,accepted,accepted,1,0.8161625830000006,22,2435,a6d0af4375d3b5d14ac40631506e0a6691feccb8c2c50fafd9164560ee914a64,ae13af9029d50dd651681adf4a90745a2ca5e89abf2d1825a9e6d3f1d99808f8,data/latex_benchmark_v0/corpus/03_math_inline_display/03_math_inline_display_016
03_math_inline_display_017,03_math_inline_display,hf_extracted,OleehyO/latex-formulas,latex-formulas-7993;latex-formulas-9614;latex-formulas-4909;latex-formulas-10764;latex-formulas-13484,accepted,accepted,1,0.8156865830000015,22,2427,8c84b47b1ec7d0f16cc8978bce6a2ae126c26d3e20920704b0c46521332818e7,a8538638bc90ece87c70ed30273d88df5396276bc4fb2eb0de95c489859ff6a7,data/latex_benchmark_v0/corpus/03_math_inline_display/03_math_inline_display_017
03_math_inline_display_018,03_math_inline_display,hf_extracted,OleehyO/latex-formulas,latex-formulas-5129;latex-formulas-15287;latex-formulas-2845;latex-formulas-6004;latex-formulas-18679,accepted,accepted,1,0.7880946249999994,22,2412,dfc0be2ebac5619f9f37a5e9def1545ac3a3f82e1c2d216bd8bf70ea480a29b7,f0def2f9f60472434947e62d7c39a619de26c45920b780c8911d7b3331fb287e,data/latex_benchmark_v0/corpus/03_math_inline_display/03_math_inline_display_018
04_math_aligned_001,04_math_aligned,hf_extracted,OleehyO/latex-formulas,latex-formulas-12448;latex-formulas-18821;latex-formulas-18804;latex-formulas-1356;latex-formulas-10378,accepted,accepted,2,0.7989521660000065,22,2842,d4f37d47bab3f63aa413f21dc1f171c46e3e31aeb5ae9e53cfefed608f29af01,90e74683dc04c98652a1fec4708fa225d5542df48cdfd44c3307b1ab28fd9052,data/latex_benchmark_v0/corpus/04_math_aligned/04_math_aligned_001
04_math_aligned_002,04_math_aligned,hf_extracted,OleehyO/latex-formulas,latex-formulas-13612;latex-formulas-18244;latex-formulas-19485;latex-formulas-15717;latex-formulas-6268,accepted,accepted,1,0.790699416999999,22,2798,5210fbae9ee74e65cc940c35c936a511f196c433849aa0a23ec5f4f1974fa4df,b48d48f27297d2f6d7cc80a0a23ead1658a78e00a7e27690f7392c5988082d45,data/latex_benchmark_v0/corpus/04_math_aligned/04_math_aligned_002
04_math_aligned_003,04_math_aligned,hf_extracted,OleehyO/latex-formulas,latex-formulas-6517;latex-formulas-14575;latex-formulas-18748;latex-formulas-15498;latex-formulas-19570,accepted,accepted,1,0.7912007500000016,22,2772,d864713cc75796561096544d0cf500fcf2c5e9144d2823598689d556edb1fba8,7df01ce1a03eb6d697631964ac02df50cc31efee4146f236b2a98fcee7d8274e,data/latex_benchmark_v0/corpus/04_math_aligned/04_math_aligned_003
04_math_aligned_004,04_math_aligned,hf_extracted,OleehyO/latex-formulas,latex-formulas-9868;latex-formulas-3971;latex-formulas-6587;latex-formulas-7695;latex-formulas-13022,accepted,accepted,1,0.7943144169999954,22,2744,a00478ded0548068030c25922857a95b51b602729c7bf3e76becb9dd3c1cf69e,0f04a12382823965596af871f51d38e68f196a0be38488a0d599c7e094ca204d,data/latex_benchmark_v0/corpus/04_math_aligned/04_math_aligned_004
04_math_aligned_005,04_math_aligned,hf_extracted,OleehyO/latex-formulas,latex-formulas-14923;latex-formulas-2304;latex-formulas-5656;latex-formulas-5880;latex-formulas-7040,accepted,accepted,2,0.7966764580000074,22,2732,913fc02a4ccb94ab7c0aa1319f3748837066ad39192dbce81bf7a09466286379,8839c079e6a57f1d3fec647da97ab30869d304ec35aace785fc8c1da1916cbb2,data/latex_benchmark_v0/corpus/04_math_aligned/04_math_aligned_005
04_math_aligned_006,04_math_aligned,hf_extracted,OleehyO/latex-formulas,latex-formulas-7707;latex-formulas-9849;latex-formulas-2319;latex-formulas-2710;latex-formulas-9866,accepted,accepted,1,0.8013542499999886,22,2728,aa8cfcca8f5368971ab0d66d1915cc4f1a801d00dcf7cfa94c7f5a39005f2431,ed659176873ef7c30b1f7373d27c1c6c6ed00dfc127423bc1312809fee3a7491,data/latex_benchmark_v0/corpus/04_math_aligned/04_math_aligned_006
04_math_aligned_007,04_math_aligned,hf_extracted,OleehyO/latex-formulas,latex-formulas-16102;latex-formulas-19465;latex-formulas-2433;latex-formulas-9326;latex-formulas-12418,accepted,accepted,1,0.7904991660000036,22,2723,d8a0c86b44c7fe070fbd267281694579cfa0e16b6cf43bfb49072c81e78a3408,d957321eb0da02e006d846a4539f20a65cc6497539a08f9475b3c2648fb53a8c,data/latex_benchmark_v0/corpus/04_math_aligned/04_math_aligned_007
04_math_aligned_008,04_math_aligned,hf_extracted,OleehyO/latex-formulas,latex-formulas-15326;latex-formulas-18747;latex-formulas-10427;latex-formulas-14861;latex-formulas-14986,accepted,accepted,1,0.7869079580000005,22,2715,8e02a4ab59810129f958dda00da5300c3231470bfcfe97ae27f5e0acbc4abd85,5f9b7fed6d2fb2263c98c7a086f1fe6f88790c057ec317e528909526d0d28823,data/latex_benchmark_v0/corpus/04_math_aligned/04_math_aligned_008
04_math_aligned_009,04_math_aligned,hf_extracted,OleehyO/latex-formulas,latex-formulas-9123;latex-formulas-12609;latex-formulas-19055;latex-formulas-1640;latex-formulas-9810,accepted,accepted,2,0.7852710419999909,22,2701,fb47cc653da370ecbc23aba99d073a1a44444f72d500cc72ceda1ac23030d767,617b122ca17de9e8fe806a994e42347f8481d511a77a307fab3f9c3cd4464f52,data/latex_benchmark_v0/corpus/04_math_aligned/04_math_aligned_009
04_math_aligned_010,04_math_aligned,hf_extracted,OleehyO/latex-formulas,latex-formulas-10450;latex-formulas-18830;latex-formulas-12571;latex-formulas-18056;latex-formulas-8137,accepted,accepted,1,0.8218237080000108,22,2692,f7e641b36ccdffa50021f6a5bc62764833aec3128c8b98adce14a82f8732ab3a,400208532344ce4de3a0409716fc31e4526e9c274a09128c9da7d05a25fa969a,data/latex_benchmark_v0/corpus/04_math_aligned/04_math_aligned_010
04_math_aligned_011,04_math_aligned,hf_extracted,OleehyO/latex-formulas,latex-formulas-9190;latex-formulas-16046;latex-formulas-9327;latex-formulas-6313;latex-formulas-18592,accepted,accepted,2,0.7969265419999942,22,2681,832fc68017a043c62fa144c052033d1fabaf105bb74663aaff075e9124c9f91e,e7523fb715bbb508e472de22f6631afa83e6f6ebb5fe5a988c0969bb606d8efb,data/latex_benchmark_v0/corpus/04_math_aligned/04_math_aligned_011
04_math_aligned_012,04_math_aligned,hf_extracted,OleehyO/latex-formulas,latex-formulas-18733;latex-formulas-19481;latex-formulas-7800;latex-formulas-1935;latex-formulas-4603,accepted,accepted,2,0.8057189170000072,22,2671,7702d3c948111140e63470b97d667531ec22cd70794b2cb8b423eb699cf8ad05,763dca3fdae920fb664d6fa463d172df17335d65ccb16238d6bfca364213fd2d,data/latex_benchmark_v0/corpus/04_math_aligned/04_math_aligned_012
04_math_aligned_013,04_math_aligned,hf_extracted,OleehyO/latex-formulas,latex-formulas-8843;latex-formulas-9858;latex-formulas-7868;latex-formulas-18585;latex-formulas-9476,accepted,accepted,2,0.7970650409999962,22,2662,a10dfe54fd302d0e8e7fafeab3195fae9dce1c646d9447427d95d228175c8d7b,e1da0a34c7da13306641a4583dcdfda45fd3ca1b91eb9bc9918aeb36e0f7a956,data/latex_benchmark_v0/corpus/04_math_aligned/04_math_aligned_013
04_math_aligned_014,04_math_aligned,hf_extracted,OleehyO/latex-formulas,latex-formulas-12982;latex-formulas-17009;latex-formulas-18598;latex-formulas-19053;latex-formulas-18068,accepted,accepted,2,0.8032819579999995,22,2655,3ed5e933b96dd3e1cfb733e2d1e32b374e877518da2360cbf15070eed8360a99,c32bc5efb2490e4aba2300eebda88cd2ec83a1d77155a38c079405bb060e01f2,data/latex_benchmark_v0/corpus/04_math_aligned/04_math_aligned_014
04_math_aligned_015,04_math_aligned,hf_extracted,OleehyO/latex-formulas,latex-formulas-19492;latex-formulas-9159;latex-formulas-9816;latex-formulas-14388;latex-formulas-18075,accepted,accepted,2,1.0029820419999993,22,2647,4b7e674fe0bb11fbcf4732d7647acc839b2339411de098f4aeef44910521a59a,35206bd65735a5e1f84d5de0bb35187f93025e5ca09c44fef3ea20daf5e1f860,data/latex_benchmark_v0/corpus/04_math_aligned/04_math_aligned_015
05_tables_simple_001,05_tables_simple,hf_extracted,piushorn/arxiv-latex-tables-43k,2512.04801_table_2;2512.04801_table_3,accepted,accepted,3,1.0012233329999987,32,8113,48867e9e119bb906b5c763acc70b33b9f88bbeb03ed881d18f78d18e79d090ac,3d8f8ae705303975157ccb7ad4fbc342738592e573f8a6ee00845eb00eb9d096,data/latex_benchmark_v0/corpus/05_tables_simple/05_tables_simple_001
05_tables_simple_002,05_tables_simple,hf_extracted,piushorn/arxiv-latex-tables-43k,2512.04801_table_4;2512.02839_table_2,accepted,accepted,2,1.0102463340000014,91,6542,b66f17c2c97001ca50bb52dacf27a385af8ef1831616b6d9e84ba2e2bb744853,62c8d13417d48639c635bbbeaf364274c577ec520816e90d199597dc380f3b3d,data/latex_benchmark_v0/corpus/05_tables_simple/05_tables_simple_002
05_tables_simple_005,05_tables_simple,hf_extracted,piushorn/arxiv-latex-tables-43k,2512.00323_table_8;2512.00323_table_10,accepted,accepted,2,0.9734447919999951,128,8335,28ec5aa428bf1e126c76d32142b31092d6fbc983f8ed39c0fe6b931c271d1b12,86ea37bbb3bdaea43bc44b1fa66f16d7c759722d018520caefdb1912661a5f66,data/latex_benchmark_v0/corpus/05_tables_simple/05_tables_simple_005
05_tables_simple_006,05_tables_simple,hf_extracted,piushorn/arxiv-latex-tables-43k,2512.01543_table_6;2512.04751_table_3,accepted,accepted,3,0.9252259579999986,131,7226,571811b477921739645e1ef060f20693a4f5fda9456b438a23e3ab88831bfeb6,4eb100734455f650aba6a072e809039ffe0ccecf93ec1465264efc4c013b3e6b,data/latex_benchmark_v0/corpus/05_tables_simple/05_tables_simple_006
05_tables_simple_007,05_tables_simple,hf_extracted,piushorn/arxiv-latex-tables-43k,2512.02391_table_1;2512.00039_table_5,accepted,accepted,3,0.8674383750000061,214,8669,933f3c7990b3c5e34da0965cde3e820cd8299ea3cf2aaf51760291bfbe24fbff,38ccc7247ca753807639f5f8c9471706e2876459971595a4d830e3970afcc3c0,data/latex_benchmark_v0/corpus/05_tables_simple/05_tables_simple_007
05_tables_simple_011,05_tables_simple,hf_extracted,piushorn/arxiv-latex-tables-43k,2512.05220_table_6;2512.02290_table_15,accepted,accepted,3,0.8603504169999923,123,6252,ac61e2e86cb907f147e18076bcf6a51193d1f66f309683d5117c2ac3a1d34ccb,3515a298d19fed0b9277f20e96b955218c5a226d77959537a59e49bb03bf35c6,data/latex_benchmark_v0/corpus/05_tables_simple/05_tables_simple_011
05_tables_simple_012,05_tables_simple,hf_extracted,piushorn/arxiv-latex-tables-43k,2512.00650_table_5;2512.01856_table_2,accepted,accepted,3,0.8547086670000112,306,7632,0c97b775524127e65fe60c82aba7a4dc19aa8d470bca1fdd487aff9beadc3ccc,e7ecd8bf8dce7f43d4a034d4af1eed44cff497b9f449c5836dc6df48ac783ee3,data/latex_benchmark_v0/corpus/05_tables_simple/05_tables_simple_012
05_tables_simple_014,05_tables_simple,hf_extracted,piushorn/arxiv-latex-tables-43k,2512.02391_table_3;2512.01455_table_2,accepted,accepted,2,0.8330586670000031,138,6599,94f763081dc9a0a38f3e1865395df57f274c7442f60f85aa1d25d7a2bcdc51b6,f18c17e9152bda6d57baf57fd24bdd5ca99b8368fb92074d732f3d3e78fcef15,data/latex_benchmark_v0/corpus/05_tables_simple/05_tables_simple_014
05_tables_simple_015,05_tables_simple,hf_extracted,piushorn/arxiv-latex-tables-43k,2512.03910_table_3;2512.00193_table_8,accepted,accepted,3,0.8381813749999907,114,6184,436397eebf52a729dff73f02cbced44c2f16924c89ca300b79443322e4cd2750,0f7fd0bc53c49f32b50206f673336668b066ac8ae9d8451b1c7ef01404abb4eb,data/latex_benchmark_v0/corpus/05_tables_simple/05_tables_simple_015
05_tables_simple_017,05_tables_simple,hf_extracted,piushorn/arxiv-latex-tables-43k,2512.02269_table_3;2512.03008_table_3,accepted,accepted,3,0.8451484170000043,111,5867,bfe444f0f793b21ac60ca21affc2b5fd46f353a35bf1cfebc29f940db709daad,354bc8a3b924eec528eaf053da134f9c08038b7b9c657e792ed0f38dcb0525e5,data/latex_benchmark_v0/corpus/05_tables_simple/05_tables_simple_017
05_tables_simple_018,05_tables_simple,hf_extracted,piushorn/arxiv-latex-tables-43k,2512.04311_table_6;2512.01911_table_6,accepted,accepted,3,0.864049124999994,115,4539,314f40f4cb3b5c8e480a6a90ff8eee9e0ee11260bce809b0ccff3a663929518d,8cf494400c954b8de1b46213ac3e076f893b62582d246f887980e2e2fef8f098,data/latex_benchmark_v0/corpus/05_tables_simple/05_tables_simple_018
05_tables_simple_020,05_tables_simple,hf_extracted,piushorn/arxiv-latex-tables-43k,2512.01185_table_15;2512.02009_table_16,accepted,accepted,3,0.838107750000006,114,5020,a1785353b66861bb75f0ee3eead174e927bcc7fecef163cee3366dbadeaf8f2c,a6d2ce9b1a950481adc91a06e591cc05af0fc4a8f1621e5a173ba3e9bd68162e,data/latex_benchmark_v0/corpus/05_tables_simple/05_tables_simple_020
05_tables_simple_021,05_tables_simple,hf_extracted,piushorn/arxiv-latex-tables-43k,2512.04438_table_2;2512.00750_table_1,accepted,accepted,3,0.8679834160000013,247,7517,86a814ed445be63e4bce5a1d1f99b7ac757dd7561c55f2a0d8abcb5659fa8a6c,531bc4ce4aabc3c8f7f844be347a0606bf7ed13c0ec0f273747c3e7040c0dff8,data/latex_benchmark_v0/corpus/05_tables_simple/05_tables_simple_021
05_tables_simple_023,05_tables_simple,hf_extracted,piushorn/arxiv-latex-tables-43k,2512.03307_table_5;2512.02195_table_6,accepted,accepted,3,0.8750960419999956,100,4523,18b6f4415908e7454748ef0b057bc17c274e79397efc3fbf043c006dee00ddb6,0c55db03d6cef125d66a7307f10a0e119bbce9e7d0f5e34edbdf6bf639a174ea,data/latex_benchmark_v0/corpus/05_tables_simple/05_tables_simple_023
05_tables_simple_024,05_tables_simple,hf_extracted,piushorn/arxiv-latex-tables-43k,2512.02195_table_8;2512.02195_table_3,accepted,accepted,3,0.8469526670000107,104,4076,a08b7f342ea28737b5794a52436195a57672db0cc3ecba71213a5c57913bc163,c75841bfd92c6f3c1d9b45237cb13301fa27d54bdc7de9abb423fd0cfd7cab0a,data/latex_benchmark_v0/corpus/05_tables_simple/05_tables_simple_024
05_tables_simple_025,05_tables_simple,hf_extracted,piushorn/arxiv-latex-tables-43k,2512.02195_table_7;2512.02195_table_9,accepted,accepted,3,0.9042118330000051,104,4045,7ca01d17e3f0675b27e28a747df871d79c8b437fc785192d76a11c6b0fb0177c,044950aa398e5f9521378878829898d95ff84050b5679d5a9841f385eacfce57,data/latex_benchmark_v0/corpus/05_tables_simple/05_tables_simple_025
05_tables_simple_027,05_tables_simple,hf_extracted,piushorn/arxiv-latex-tables-43k,2512.02195_table_4;2512.05431_table_2,accepted,accepted,3,0.8511017919999802,103,4844,8cb15a921ef3ddd8be4f2d25582a1bd37f434830a3f9dc0caf3839b0a2b67966,1bdfb48082e70b4b7048d390993b29b4909b99ecf643a2d625c15117d8096d6d,data/latex_benchmark_v0/corpus/05_tables_simple/05_tables_simple_027
05_tables_simple_028,05_tables_simple,hf_extracted,piushorn/arxiv-latex-tables-43k,2512.00750_table_6;2512.01786_table_4,accepted,accepted,2,0.8808224169999903,106,7242,86aa2e894c361654d0f36d014a363ac735d4ff0f61b4cca78fd142f5dc93adb2,cb043fdff3db39eb1580380f2b252e3ccf8d1a03b5ad89a4ae1d4652c5d77eb0,data/latex_benchmark_v0/corpus/05_tables_simple/05_tables_simple_028
06_tables_moderate_002,06_tables_moderate,hf_extracted,piushorn/arxiv-latex-tables-43k,2512.01992_table_14;2512.01992_table_15,accepted,accepted,3,0.8295886669999959,195,7533,025af837eeaee1cf39256cbaa2eac78b20e855df7d2f82907fce887252779d5d,983d909b12628929e41ec7343032c192a6d97f75010d40e295a3f074b1579447,data/latex_benchmark_v0/corpus/06_tables_moderate/06_tables_moderate_002
06_tables_moderate_007,06_tables_moderate,hf_extracted,piushorn/arxiv-latex-tables-43k,2512.00835_table_3;2512.01692_table_4,accepted,accepted,3,0.8349500839999848,152,7426,0dea4727de7135a2b3c17cf366877db568b909f56b07de12529d75cf928d628c,3b5210b5b8aba989abd143b8436df968447fce32cce9ede74b799076b6963942,data/latex_benchmark_v0/corpus/06_tables_moderate/06_tables_moderate_007
06_tables_moderate_008,06_tables_moderate,hf_extracted,piushorn/arxiv-latex-tables-43k,2512.01775_table_3;2512.01775_table_2,accepted,accepted,3,0.9093050839999819,134,9731,bc62c06e221ca0a405a8b85a41b7fec1e32fab942e2e2d665af6bb74335da901,707d8706bc38cb924975978a8e4fa1ca23d70f6622483f901d0ab9a575d4f04f,data/latex_benchmark_v0/corpus/06_tables_moderate/06_tables_moderate_008
06_tables_moderate_010,06_tables_moderate,hf_extracted,piushorn/arxiv-latex-tables-43k,2512.03369_table_1;2512.01188_table_1,accepted,accepted,2,0.8665319590000138,85,6915,61f98da949930984514a1b0b713262b425f687c46b629ee0ab7de544d486f138,9e76ec6e442a096ff786f082fed65752f35f9d32af7c50ad5bad12aa87997ab6,data/latex_benchmark_v0/corpus/06_tables_moderate/06_tables_moderate_010
06_tables_moderate_012,06_tables_moderate,hf_extracted,piushorn/arxiv-latex-tables-43k,2512.03643_table_3;2512.01892_table_11,accepted,accepted,3,0.825109958000013,136,7059,3689e132cbab20998611ab2e53eaa561bacc4097ac373725d82ab196fa8f5fac,4e97b6c99f4211502f6eda6b3003e314ea29ab87a7a7d8f01dd92745cf42e3e8,data/latex_benchmark_v0/corpus/06_tables_moderate/06_tables_moderate_012
06_tables_moderate_013,06_tables_moderate,hf_extracted,piushorn/arxiv-latex-tables-43k,2512.04395_table_1;2512.04981_table_13,accepted,accepted,2,0.8912656249999884,139,7950,ab97642f6778808638889c98cb313187ea94c241e9e4cd6479537768b9e9934a,421fb891773cb46f331c9edfdc841c479c67ecd319192d82bf95da0ee36d30ca,data/latex_benchmark_v0/corpus/06_tables_moderate/06_tables_moderate_013
06_tables_moderate_014,06_tables_moderate,hf_extracted,piushorn/arxiv-latex-tables-43k,2512.01391_table_5;2512.01892_table_9,accepted,accepted,3,0.8575022500000102,126,7215,d711528689ac70f4a4931c61ef764e2a3d40242be334d2e178c2af3bfe132ae9,83d5e482169eb920ed21e41a8576e8ec1fef1028781819ec09f39b5cc83b332a,data/latex_benchmark_v0/corpus/06_tables_moderate/06_tables_moderate_014
06_tables_moderate_015,06_tables_moderate,hf_extracted,piushorn/arxiv-latex-tables-43k,2512.01438_table_5;2512.05428_table_1,accepted,accepted,3,0.8747687080000048,129,5904,fbb72aa245bcfd979234cc4d42af1875870ca957a483fa309749019dae7d6ce5,1dd532051e185fad4a9dd684f55db9a47536097bf15c3459ab7515564bf21a85,data/latex_benchmark_v0/corpus/06_tables_moderate/06_tables_moderate_015
06_tables_moderate_017,06_tables_moderate,hf_extracted,piushorn/arxiv-latex-tables-43k,2512.00057_table_3;2512.00057_table_5,accepted,accepted,3,0.8571419999999819,128,8335,00fa8f3a62858403527852e0857e3eaa002b2ef3ed006f5791087add1a4e30ad,6de0f39795a7234f26154a1f48c282b60462c849cb83bbe270958a4c4ad52044,data/latex_benchmark_v0/corpus/06_tables_moderate/06_tables_moderate_017
06_tables_moderate_018,06_tables_moderate,hf_extracted,piushorn/arxiv-latex-tables-43k,2512.00057_table_6;2512.00057_table_7,accepted,accepted,3,0.8325171250000096,128,8335,a5e4771924379b7c1c414cc35bff13bb8070b92944fbe6966b221cf91a020143,80d72526fdad97d59ea2ce62601a312392ef0a39c74a84b101bc6addc5818444,data/latex_benchmark_v0/corpus/06_tables_moderate/06_tables_moderate_018
06_tables_moderate_019,06_tables_moderate,hf_extracted,piushorn/arxiv-latex-tables-43k,2512.04660_table_3;2512.01096_table_1,accepted,accepted,2,0.8936066249999897,133,7664,db333382fead58245f5db862fb5590ef8832e6e1c4ce3beee740b1b02c8ec21b,80256f1606615337fd1610db904549c193ece43f18d8867900345955fa22b5dc,data/latex_benchmark_v0/corpus/06_tables_moderate/06_tables_moderate_019
06_tables_moderate_029,06_tables_moderate,hf_extracted,piushorn/arxiv-latex-tables-43k,2512.03989_table_11;2512.01406_table_5,accepted,accepted,2,0.8501990830000068,110,6526,355057b5c6efce4249f9b62eed6ba5ee7667774f80c2be8fb18c6614582755ca,d6654a73f2c6405eb58eec4b64bf397f89c73eb7251bd390afec5b562fd995c4,data/latex_benchmark_v0/corpus/06_tables_moderate/06_tables_moderate_029
06_tables_moderate_030,06_tables_moderate,hf_extracted,piushorn/arxiv-latex-tables-43k,2512.01406_table_4;2512.01970_table_6,accepted,accepted,3,0.8599960839999881,116,6170,aecf0884fa4dd011b8b241cf78a5ae8828f4199e53ccb373df4766a1dee1d09e,c73bdbcf190e5fa552d8fe51a203dd6f52e75d1775592b664a65b0f5572b88da,data/latex_benchmark_v0/corpus/06_tables_moderate/06_tables_moderate_030
06_tables_moderate_031,06_tables_moderate,hf_extracted,piushorn/arxiv-latex-tables-43k,2512.05501_table_19;2512.02801_table_11,accepted,accepted,2,0.8590462079999952,119,9381,076aa16266d123c2e3e8ef2cb8bd0528b0b962be19ec15f60214f0ff8f6ecbad,7e57699b86225a2523f792d7a0548b996bd61dbd6b134e0b50878d4f127fd1ea,data/latex_benchmark_v0/corpus/06_tables_moderate/06_tables_moderate_031
06_tables_moderate_032,06_tables_moderate,hf_extracted,piushorn/arxiv-latex-tables-43k,2512.03214_table_6;2512.03059_table_4,accepted,accepted,3,0.822568667000013,168,5901,3ae4676b60c9dbe486cf4872858a68b8d7979c16057be1542cf16a0c5b2621df,44a395daa62e3e18b92909fe056b81c40919610df2a319839d60de4a7e800861,data/latex_benchmark_v0/corpus/06_tables_moderate/06_tables_moderate_032
06_tables_moderate_033,06_tables_moderate,hf_extracted,piushorn/arxiv-latex-tables-43k,2512.01111_table_2;2512.00231_table_5,accepted,accepted,3,0.8753204159999939,54,5083,16bcd21468c6dfef14e8cb52386f9a2933de3e38317db9170255a43b2a4b433c,42f8b58f64c86d6a1e4505e15be361dc695497804ff8c3694ba3aea9b0da6844,data/latex_benchmark_v0/corpus/06_tables_moderate/06_tables_moderate_033
06_tables_moderate_034,06_tables_moderate,hf_extracted,piushorn/arxiv-latex-tables-43k,2512.05256_table_2;2512.01260_table_3,accepted,accepted,3,0.9926732079999852,72,5400,04d5b2618f3d4585fc5f57ca378b7fab77814fe59ceb1f0fe55b77b41d09ab7a,f9b3026657b73f8766bfeb01fd4d3aec76f55b13ee6ca4c94e73247d5ab41f1e,data/latex_benchmark_v0/corpus/06_tables_moderate/06_tables_moderate_034
06_tables_moderate_035,06_tables_moderate,hf_extracted,piushorn/arxiv-latex-tables-43k,2512.01260_table_2;2512.02315_table_1,accepted,accepted,2,0.8462028750000172,108,5811,1d96e7cd68720774177952e3116ff67c766e25729c94cb9ba62ef647d2f223c4,b89796f999bed47ee4754d0fffdefdcffb7f2b760bc7a47fc4904200c04f5216,data/latex_benchmark_v0/corpus/06_tables_moderate/06_tables_moderate_035
09_algorithms_001,09_algorithms,hf_extracted,stanford-crfm/image2struct-latex-v1,image2struct-algorithm-385,accepted,accepted,2,0.9467001249999996,62,3082,b9577697c4cd5a753711b536586df89c469e69977a2018acabd622224592b6e2,308a1ce5a8692d46e0a037db4e03f8cdc0fc06578723677cea88f27699da6faf,data/latex_benchmark_v0/corpus/09_algorithms/09_algorithms_001
09_algorithms_003,09_algorithms,hf_extracted,stanford-crfm/image2struct-latex-v1,image2struct-algorithm-96,accepted,accepted,2,0.815115917,61,2249,2b4013839e99c9959e13dc07c370b55ce05cfc5c6230dd263deb11111ec6c9b5,740e3bbefecce75041e84dbed6a22e41eb51885bdf9a194b9e224a05ed43dac9,data/latex_benchmark_v0/corpus/09_algorithms/09_algorithms_003
09_algorithms_004,09_algorithms,hf_extracted,stanford-crfm/image2struct-latex-v1,image2struct-algorithm-61,accepted,accepted,2,0.8314965000000001,58,2152,95700b1755680df59d97544d444cb58bb3aebcd296f33d29ca5c254fad94760a,e0ea8b9e8589e11b5f8c954bccb323de11aebc401e0942483abeb6e0282a07a3,data/latex_benchmark_v0/corpus/09_algorithms/09_algorithms_004
09_algorithms_005,09_algorithms,hf_extracted,stanford-crfm/image2struct-latex-v1,image2struct-algorithm-187,accepted,accepted,1,0.8035954590000003,46,2550,664ee15830aa4275ab498d866555530709158c9d6460d9c5c61918de9881798c,8ca7d985251954d70a9bfffd684cd68aa6ab94d05b275ce181d946d0b9b990ef,data/latex_benchmark_v0/corpus/09_algorithms/09_algorithms_005
09_algorithms_008,09_algorithms,hf_extracted,stanford-crfm/image2struct-latex-v1,image2struct-algorithm-309,accepted,accepted,1,0.7848484169999992,45,2404,6040423f19d0806352fbe2595f770a19149a6c2976b6e5706fb33060406022ab,41226d791bc45bedda913b6f6ccc72cca4bfcd78ed8e8b9d8cae8499042562cf,data/latex_benchmark_v0/corpus/09_algorithms/09_algorithms_008
09_algorithms_009,09_algorithms,hf_extracted,stanford-crfm/image2struct-latex-v1,image2struct-algorithm-169,accepted,accepted,1,0.8353875830000028,42,2098,825d962b9339eb5ba5ee03ba19d3c8f5514edcf62ab5b495b3416fd42dede8bd,2e94cc68d0afafc9c6a98d7af9a8a6c009920ba21c1b2a2b6fcebd87efd9a53b,data/latex_benchmark_v0/corpus/09_algorithms/09_algorithms_009
09_algorithms_011,09_algorithms,hf_extracted,stanford-crfm/image2struct-latex-v1,image2struct-algorithm-133,accepted,accepted,1,0.7599077080000001,44,2436,c5d7a0aabbfcb40f7da9fb1887ae31d6a810bd0d15b8f36113038610f15a1f51,43f1729063c2b7da5ac72f23dd02764ef88c29528a92ada8bf3d7428f00f7a11,data/latex_benchmark_v0/corpus/09_algorithms/09_algorithms_011
09_algorithms_013,09_algorithms,hf_extracted,stanford-crfm/image2struct-latex-v1,image2struct-algorithm-104,accepted,accepted,2,0.8167495840000001,59,3340,386b02d348215a5a184d921c520f2316def2a8bf91ecff0d208c5d6e23be3226,e6858533372521818203ce40ef0ea32b13c31ed8ede21dcbf5295529da4a602f,data/latex_benchmark_v0/corpus/09_algorithms/09_algorithms_013
09_algorithms_016,09_algorithms,hf_extracted,stanford-crfm/image2struct-latex-v1,image2struct-algorithm-237,accepted,accepted,1,0.7773471659999984,49,1788,11b2a652c3ba1311a15756325c5ed0191b7848cf09b36376bc7453b9bc736110,aa354293020ee069ce17f826665daa6ae82c4d52ced8edba935c0ea77fd565a3,data/latex_benchmark_v0/corpus/09_algorithms/09_algorithms_016
09_algorithms_017,09_algorithms,hf_extracted,stanford-crfm/image2struct-latex-v1,image2struct-algorithm-54,accepted,accepted,1,0.794089624999998,41,1842,91264bd7dc55b58c64c35c5d937a32567ceaea3ebfc93e2581c641d70c207822,149e58c1ef4de94f476ae863dff0a5810d36aac7fb32ed90f4c29c67986e231d,data/latex_benchmark_v0/corpus/09_algorithms/09_algorithms_017
09_algorithms_018,09_algorithms,hf_extracted,stanford-crfm/image2struct-latex-v1,image2struct-algorithm-153,accepted,accepted,1,0.7696137090000015,44,1800,a289cb72097a46d1da7dc59d5ec93641ea97a598db5552c5565eb394a64e4987,bb6e555c3d913defc496424bb210fd453b0efa1518511e8184be40bcf53aee1b,data/latex_benchmark_v0/corpus/09_algorithms/09_algorithms_018
09_algorithms_021,09_algorithms,hf_extracted,stanford-crfm/image2struct-latex-v1,image2struct-algorithm-77,accepted,accepted,1,0.7540707500000003,41,1913,79210df44449d8539bee72862594f362584e870748da4f4d8440392d15bfed86,e4880e351f18a0fa52212be6eb885e57b5c51320b0667a4a61b283c6558cab78,data/latex_benchmark_v0/corpus/09_algorithms/09_algorithms_021
10_compact_papers_001,10_compact_papers,hf_extracted,scholarweave/arxiv-latex,hep-lat/9107001,accepted,accepted,1,1.2530032080000026,26,3059,a6911dc9574db05b28bf0e3a46a3d5c18c39ad01a06345555f7de990b35d56ab,86409b54fae331a045045985ee6f3c9ebe776d8631c7cf59d47feee07586e9c3,data/latex_benchmark_v0/corpus/10_compact_papers/10_compact_papers_001
10_compact_papers_002,10_compact_papers,hf_extracted,scholarweave/arxiv-latex,hep-lat/9107002,accepted,accepted,2,1.069212750000002,26,3467,af13af10340780edcd4be7f1fce013c83298b67762b1822bb4edd9f3d70a4f65,3079d3ccf2c05ac2a2244545e19e7d5f89b7476ed34fd9641ac27c4a1eeb9b75,data/latex_benchmark_v0/corpus/10_compact_papers/10_compact_papers_002
08_crossrefs_citations_001,08_crossrefs_citations,hf_extracted,scholarweave/arxiv-latex,hep-th/9108001,accepted,accepted,1,1.076254875,28,1541,9a2cbf44b889407ed505d2545e0cca196846416d39a10aa75014816fbbfaa423,348c85d6f1475f305190e2fcfb8906254af7d10c4600fc5b701a9e286304fb0b,data/latex_benchmark_v0/corpus/08_crossrefs_citations/08_crossrefs_citations_001
10_compact_papers_003,10_compact_papers,hf_extracted,scholarweave/arxiv-latex,hep-th/9108002,accepted,accepted,1,1.0784037499999997,26,1755,50a3143d189368879392f0026d901671331c82762b908af02f5f1cb86d36ac77,c343a44d07b5643b25b8e921c0220b3c11d3ff82527acbf90f23537e5cd3dc17,data/latex_benchmark_v0/corpus/10_compact_papers/10_compact_papers_003
10_compact_papers_004,10_compact_papers,hf_extracted,scholarweave/arxiv-latex,hep-th/9108003,accepted,accepted,1,1.0231871249999998,26,2505,2c40d2ec33b09ff860c85a75296b14fc197c5bc4d752719d6a414a4e06faa6c3,62076b582706f0d1b00cf554a48b6928e47a71f5992fb5a441dbb91a531a03f8,data/latex_benchmark_v0/corpus/10_compact_papers/10_compact_papers_004
10_compact_papers_005,10_compact_papers,hf_extracted,scholarweave/arxiv-latex,hep-th/9108004,accepted,accepted,2,1.1404126659999996,26,3627,90ce0755bfc7b24f2aba22c171571a6bc696d399122cf5d6d04e34665b1a6bb1,93fdcdf827fe15150f21ebfae67efa2cfcfc86d9d953ef67c073345e8d7c7b5c,data/latex_benchmark_v0/corpus/10_compact_papers/10_compact_papers_005
10_compact_papers_006,10_compact_papers,hf_extracted,scholarweave/arxiv-latex,hep-th/9108005,accepted,accepted,2,1.1978059589999965,26,3878,8889b3e05ec0294ddfc2ce5e900cc0cc890714199dcb4d369e2e1677e2ff9ce8,df5e4bc54d382263521176dc6a8a734b2615f1fd946e4d8894980c8519ab9e6b,data/latex_benchmark_v0/corpus/10_compact_papers/10_compact_papers_006
10_compact_papers_007,10_compact_papers,hf_extracted,scholarweave/arxiv-latex,hep-th/9108006,accepted,accepted,2,1.2278719999999979,26,3068,46faa79cfe328ba4de4e2ab74c711e7ab5744de06610d8a189492b58f970cb89,0f3c287ca2a05269585ee9c19550c1a3b0bf6c3ceb536b732702157a57909785,data/latex_benchmark_v0/corpus/10_compact_papers/10_compact_papers_007
10_compact_papers_008,10_compact_papers,hf_extracted,scholarweave/arxiv-latex,hep-th/9108007,accepted,accepted,2,1.0536970839999995,27,2836,bdb7e16f590939fda58f82222c7291e5394aab934623b9da1fd75ec250b76fd5,5cf91e4579eea419ed057892134df98c7ea6701789f81450935a31b39b2e92b7,data/latex_benchmark_v0/corpus/10_compact_papers/10_compact_papers_008
10_compact_papers_009,10_compact_papers,hf_extracted,scholarweave/arxiv-latex,hep-th/9108008,accepted,accepted,1,1.099999957999998,26,2875,6c84da0e6b8830f01243a348bdb24da4af3404964b71256593a099ce97415b58,3d5ae2080c7d28f20ef88242fca8e0edb24877ef84ef52c46af9a7dd8fe6cbcd,data/latex_benchmark_v0/corpus/10_compact_papers/10_compact_papers_009
10_compact_papers_010,10_compact_papers,hf_extracted,scholarweave/arxiv-latex,hep-th/9108009,accepted,accepted,2,1.1009877500000016,27,3526,0bf0ba4d0b0a4edacffc5c2ace49e6532637961ca55e8233d439b972cb0be111,5f6bac99bb356f758642e01bb047a3e3e66670bef7e42670114ca3382b2f2028,data/latex_benchmark_v0/corpus/10_compact_papers/10_compact_papers_010
10_compact_papers_011,10_compact_papers,hf_extracted,scholarweave/arxiv-latex,hep-th/9108010,accepted,accepted,1,1.057725542,26,2613,61a4e0820142a2e5448a70bf9f3edb5b95ad70b40436f25dce1900678496c616,cc09a9f7f4af578d2cfeacbf40a9b39dd5c2d96725cd4435af2eb4610db08b9f,data/latex_benchmark_v0/corpus/10_compact_papers/10_compact_papers_011
10_compact_papers_012,10_compact_papers,hf_extracted,scholarweave/arxiv-latex,hep-th/9108011,accepted,accepted,1,1.0603853329999993,26,2946,5db944017c42eb096c0a827992525cba1c9941b7852208aadec0187e6cfaebea,01d54a131f3b594dc660e89b977aa4c0d652b00ca958aed713c7a585726376d0,data/latex_benchmark_v0/corpus/10_compact_papers/10_compact_papers_012
10_compact_papers_013,10_compact_papers,hf_extracted,scholarweave/arxiv-latex,hep-th/9108012,accepted,accepted,1,1.0384108330000004,26,2425,ffbe3c5d74444711565c8c81f458914c3a9ce81bbaabc2e674ef0c4c7eae840b,40d9aa6836fd1f8ed25dbcb94255c454f9c41c7c2694d31e6b700380688c79e9,data/latex_benchmark_v0/corpus/10_compact_papers/10_compact_papers_013
10_compact_papers_014,10_compact_papers,hf_extracted,scholarweave/arxiv-latex,hep-th/9108013,accepted,accepted,1,1.051004958,27,1919,b0abfe9d48687a9b0d312e671121b520a9ec1217a9282de7cda3188476e8f645,84fc21057db7bd4c214525d54ad4763ed9a28b9b8b1772c36536848a72e6bb30,data/latex_benchmark_v0/corpus/10_compact_papers/10_compact_papers_014
10_compact_papers_015,10_compact_papers,hf_extracted,scholarweave/arxiv-latex,hep-th/9108014,accepted,accepted,2,1.113439458000002,26,3308,c52a5453b767b19e74d133286bbb85dafcdbda9d2503c4964330fcaa491f4fa9,c68c067d329f9ec7f224d57c89dcd9e60148fd51597826984c811cbfeb17b0cd,data/latex_benchmark_v0/corpus/10_compact_papers/10_compact_papers_015
01_prose_sections_001,01_prose_sections,hf_extracted,scholarweave/arxiv-latex,hep-th/9108015,accepted,accepted,1,1.051723165999995,21,1535,0943547e3ce1de67e795e0d9a265ca68612c45dcad6fca9d6e993948c25a0734,06cfc2ea6463ae933aca64ebb70103603b72979305e38367884dcdb194e3a88f,data/latex_benchmark_v0/corpus/01_prose_sections/01_prose_sections_001
08_crossrefs_citations_002,08_crossrefs_citations,hf_extracted,scholarweave/arxiv-latex,hep-th/9108016,accepted,accepted,1,1.0335992919999981,28,1405,808439d027febc7b13cdcb0f4a97d8a723800c737ab1ad060f04de5f1435e1a3,a71d6ecfaaed400f5f1087e4d451beebf36ecb4e9f58b48edcdd48633357907e,data/latex_benchmark_v0/corpus/08_crossrefs_citations/08_crossrefs_citations_002
08_crossrefs_citations_003,08_crossrefs_citations,hf_extracted,scholarweave/arxiv-latex,hep-th/9108017,accepted,accepted,1,1.0354267499999992,26,1594,da2c61698aaa859d666024ac99cce2d67579e0b64cf4dac13f590a3cd379520e,7d9897011cf658e052a844fa7705ddeb5eaae663ded61a1c1c2c38d0d5944552,data/latex_benchmark_v0/corpus/08_crossrefs_citations/08_crossrefs_citations_003
07_figures_captions_001,07_figures_captions,hf_extracted,scholarweave/arxiv-latex,hep-th/9108018,accepted,accepted,1,0.9944246250000006,21,796,118911eb55aa52c2c1ab7a0fa0cb1cf3c7e673ed8a08c8e5e39a4f2c922bdcbf,0bc4b67cce9b8ade11c9994efffafd58ea9749a4ec1bfcd20f3d45a9c5808e43,data/latex_benchmark_v0/corpus/07_figures_captions/07_figures_captions_001
01_prose_sections_002,01_prose_sections,hf_extracted,scholarweave/arxiv-latex,hep-th/9108019,accepted,accepted,1,1.0267791249999974,21,1147,c105f93a9bf572ee5aea36c90cf434d064c64ba5871cb0cc8c9a58994d679dda,a344b9f896888dc9019fe008e8f625aa555fcb59cb2b2072b4a19dfaab58a991,data/latex_benchmark_v0/corpus/01_prose_sections/01_prose_sections_002
08_crossrefs_citations_004,08_crossrefs_citations,hf_extracted,scholarweave/arxiv-latex,hep-th/9108020,accepted,accepted,1,1.056980375000002,28,1269,7ca926ddd37d27196ddbae697c558dda982c7b9045ddb315505e6dd0e4c03296,efc85b15215fc2a9abd665993876a81006c656d9fd9d22cccca7fcedc4d2df6b,data/latex_benchmark_v0/corpus/08_crossrefs_citations/08_crossrefs_citations_004
01_prose_sections_003,01_prose_sections,hf_extracted,scholarweave/arxiv-latex,hep-th/9108021,accepted,accepted,1,1.1054549169999959,19,1706,bc7eb2fd54b3cd01ba67e2ddf7c3136f597e12bb973637e1f953a196cd10bc13,d1e69722d5b498a439ef4ae640e879a5d600f679eecb9e40f9fd00e52034f690,data/latex_benchmark_v0/corpus/01_prose_sections/01_prose_sections_003
01_prose_sections_004,01_prose_sections,hf_extracted,scholarweave/arxiv-latex,hep-th/9108022,accepted,accepted,2,1.0175014579999981,21,3388,a562e106302039ac67e5ed923f7528575148486556412a5ad42d0201e94d3ec8,988c0dd5c4d09d92d550f43f4795ccabdb13b3b9f33c17accc44055e6afa98a5,data/latex_benchmark_v0/corpus/01_prose_sections/01_prose_sections_004
01_prose_sections_005,01_prose_sections,hf_extracted,scholarweave/arxiv-latex,hep-th/9108023,accepted,accepted,1,1.007932334000003,21,1479,78f087c9660fb1fea7b49ec724cb9f33659e6a90fefe95464d048f7bda01f12c,2a1116fb382a30ef89b340ad95acc422fdbb00a5d51b38afa2523b1ffbaaa8f1,data/latex_benchmark_v0/corpus/01_prose_sections/01_prose_sections_005
08_crossrefs_citations_005,08_crossrefs_citations,hf_extracted,scholarweave/arxiv-latex,hep-th/9108025,accepted,accepted,1,1.058389916000003,28,1536,4c12626f36924c2ebbf50759c632e0372ccf5fe2b08c77f13c72a53e412718d2,e87240095f0c6a697104757c513dd0fa76f3a031d1314c8a5cc753730018b70a,data/latex_benchmark_v0/corpus/08_crossrefs_citations/08_crossrefs_citations_005
01_prose_sections_006,01_prose_sections,hf_extracted,scholarweave/arxiv-latex,hep-th/9108026,accepted,accepted,1,1.0479093329999998,19,835,bae29c09b3062c3c620e70a8b9b299cb3577ed2d724563c2e0c0ddec185e4979,15e4931c214e7cc563b22e2c443986e13b9213a094abfb5bc31825431c66c8d6,data/latex_benchmark_v0/corpus/01_prose_sections/01_prose_sections_006
01_prose_sections_007,01_prose_sections,hf_extracted,scholarweave/arxiv-latex,hep-th/9108027,accepted,accepted,1,1.0531989589999995,22,3219,b773ff1a242f6b851e88daa937a73b2d154b27513ff7c14ca6dfd97c901ea30d,25a72dd244aa006a3d40122fcc9d7a1c4d345eff48ceed161a4a0e311f4ab6fd,data/latex_benchmark_v0/corpus/01_prose_sections/01_prose_sections_007
01_prose_sections_008,01_prose_sections,hf_extracted,scholarweave/arxiv-latex,hep-th/9108028,accepted,accepted,1,1.0786175,21,2282,084c71b4e1ed507afa358ce6e24244c4eaddfd4d904b49f6929905a26376e919,570a0360230fa27e185ef13c58e3df322e5dc98c996b75fb68534ae5ea23b822,data/latex_benchmark_v0/corpus/01_prose_sections/01_prose_sections_008
08_crossrefs_citations_006,08_crossrefs_citations,hf_extracted,scholarweave/arxiv-latex,hep-th/9109001,accepted,accepted,1,1.1334435830000018,28,1616,a394ed7f4b4d47f24a8dc6f4747dd9b371bdfe585d0a27d1749ec1fb2eb860be,621f780605df41a7a25b6a4f8931b0d4ece2aaf27562a10168a6ea9c7b5880a3,data/latex_benchmark_v0/corpus/08_crossrefs_citations/08_crossrefs_citations_006
01_prose_sections_009,01_prose_sections,hf_extracted,scholarweave/arxiv-latex,hep-th/9109002,accepted,accepted,1,1.0294208749999996,21,1758,db94e6ecb347a79ae877eece466542a8e6d3c6c55c9f8b2b36ddf15b85f3c7fc,13149d883f3ab98e9ff9ee0cf496257660e71c9100225b1fdb8e49a3b105ee48,data/latex_benchmark_v0/corpus/01_prose_sections/01_prose_sections_009
08_crossrefs_citations_007,08_crossrefs_citations,hf_extracted,scholarweave/arxiv-latex,hep-th/9109003,accepted,accepted,1,1.0421065410000026,28,1852,e8da7d607a2ce7641f80a6ad9a89d8ab8480ab0154020e7b9237df95ca68a415,f6a6a9791742b5be5307ad13f423ad3cc8b616c2de4549696cb89c52929f3297,data/latex_benchmark_v0/corpus/08_crossrefs_citations/08_crossrefs_citations_007
01_prose_sections_010,01_prose_sections,hf_extracted,scholarweave/arxiv-latex,hep-th/9109004,accepted,accepted,1,1.035248709000001,21,1597,783cff4cac1263d5c09a0b90a44f1d5779eaa8ba5b0f786201ac6f81d8a797b5,b1419c55c2cefbd70763e6bee62e34b42f07332d9049c4ef8aeff66ab7d7cba0,data/latex_benchmark_v0/corpus/01_prose_sections/01_prose_sections_010
01_prose_sections_011,01_prose_sections,hf_extracted,scholarweave/arxiv-latex,hep-th/9109005,accepted,accepted,1,1.044826583999999,22,2191,813a750998398d3542c18c8392cec8d501a053bf276b68ca0aedfc691099d697,55d3257a64a5a70f893e31eb123926fce78b7f01756611c954d7aa6a50344696,data/latex_benchmark_v0/corpus/01_prose_sections/01_prose_sections_011
08_crossrefs_citations_008,08_crossrefs_citations,hf_extracted,scholarweave/arxiv-latex,hep-th/9109006,accepted,accepted,1,1.031691582999997,28,1638,b185c6ad987710b96f27506b1486e229903f6bfc379289879053e22fa95c2baf,83f3ee0fc7cc32d399d48d321bb38675c2ceb8b03dba70deaf6ed21575117f3c,data/latex_benchmark_v0/corpus/08_crossrefs_citations/08_crossrefs_citations_008
01_prose_sections_012,01_prose_sections,hf_extracted,scholarweave/arxiv-latex,hep-th/9109007,accepted,accepted,1,1.0670858749999965,21,2284,30a4031a83e5af5d5c1da1b1310b04aa808331b843ceff9a7e58d991903fc1f6,ada6564b307696a375f38b732995cdf5a81ed103fef09bb0c3a740ac780b8da1,data/latex_benchmark_v0/corpus/01_prose_sections/01_prose_sections_012
08_crossrefs_citations_009,08_crossrefs_citations,hf_extracted,scholarweave/arxiv-latex,hep-th/9109008,accepted,accepted,1,1.1778540000000035,28,1429,40dfbac7bb62748e6c31558a57c85b884436172d86a88f98f144a3acb7fcbeb0,e7334d0ba6b505646137e1a2efdae3a2e99db79548a050c2acaddf86de1d8230,data/latex_benchmark_v0/corpus/08_crossrefs_citations/08_crossrefs_citations_009
01_prose_sections_013,01_prose_sections,hf_extracted,scholarweave/arxiv-latex,hep-th/9109009,accepted,accepted,1,1.1892638749999946,21,2033,3cfa34f922ef3c55799dc2bcb6eaad75ad820bc02bc5a1011d5edc68bb1f94a6,e3e71ca933f3b9b367d493263c377a85cd19fb3b800543ed67ccc570b3c05aa7,data/latex_benchmark_v0/corpus/01_prose_sections/01_prose_sections_013
08_crossrefs_citations_010,08_crossrefs_citations,hf_extracted,scholarweave/arxiv-latex,hep-th/9109010,accepted,accepted,1,1.0359399999999965,28,1621,d57f9f372150a69bed719583d777edf8c9ce627dc8e56b9edc5bb0ff0eb13702,51bdaf7126bb080d2332c99337cd3ca959eff748137822aeccaa4c98816e1344,data/latex_benchmark_v0/corpus/08_crossrefs_citations/08_crossrefs_citations_010
02_lists_formatting_002,02_lists_formatting,hf_extracted,scholarweave/arxiv-latex,hep-th/9109011,accepted,accepted,1,1.0200097919999962,21,835,a7e9ca23d649859ce27be7aa4a51a760e07c2ad13352a243e6810fac8b90e335,54d81c450a2d86a2c56c5dd7c92e59db68ac5a459dbc6147d19241e519c50c42,data/latex_benchmark_v0/corpus/02_lists_formatting/02_lists_formatting_002
08_crossrefs_citations_011,08_crossrefs_citations,hf_extracted,scholarweave/arxiv-latex,hep-th/9109012,accepted,accepted,1,1.1568985830000003,28,1279,17d8c747735df9e8030830a7a546d1bed7ed7b5c5aa6c0ecd0a1045cbe46ac1c,4948e75cb51ec318eaa0f43b751d192599d887d6e2c64a25cfe454672a3259b9,data/latex_benchmark_v0/corpus/08_crossrefs_citations/08_crossrefs_citations_011
01_prose_sections_014,01_prose_sections,hf_extracted,scholarweave/arxiv-latex,hep-th/9109013,accepted,accepted,1,1.0625684580000012,22,1855,79b7c3e2cd64681e9b9b62de1ed5494c7b18bbf145806c7b3cfc61f1778462c1,8d02d882c06c560659f6302cb353d0b676935946f77f215051db659e0abed408,data/latex_benchmark_v0/corpus/01_prose_sections/01_prose_sections_014
01_prose_sections_015,01_prose_sections,hf_extracted,scholarweave/arxiv-latex,hep-th/9109014,accepted,accepted,1,1.1358952500000044,21,1986,f2afaf4c57ef2f8ce15441df27a80955c42d55fc54bcad13d33673b9fa7bfdf9,44a9d04a978e310193106e9680a1892abcfca636fe42db407e7859dbea2473f6,data/latex_benchmark_v0/corpus/01_prose_sections/01_prose_sections_015
08_crossrefs_citations_012,08_crossrefs_citations,hf_extracted,scholarweave/arxiv-latex,hep-th/9109016,accepted,accepted,1,1.036209250000013,25,1607,9086013693c43de91417a3d7917b909cf837f568746ff3ff1e059e8c4ea50043,61180cfc7dd7df1853c7e6cae2b59608d5b31057a358b2af9109a1795bad5872,data/latex_benchmark_v0/corpus/08_crossrefs_citations/08_crossrefs_citations_012
08_crossrefs_citations_013,08_crossrefs_citations,hf_extracted,scholarweave/arxiv-latex,hep-th/9109023,accepted,accepted,1,1.0401209589999922,28,1536,bfbed50f19f59fd544207a3378f1730a407145762c8ad6ff28371df88b38c9f4,7e193d00bea2e6304a1d340fd2494f95f1cf3944f51d193561aee95699e79284,data/latex_benchmark_v0/corpus/08_crossrefs_citations/08_crossrefs_citations_013
08_crossrefs_citations_014,08_crossrefs_citations,hf_extracted,scholarweave/arxiv-latex,hep-th/9109027,accepted,accepted,1,1.0589847499999934,29,1553,92b6ee639cc54b8d5a565520e7671459e5d127bf288c6b934e8807636aa949af,65772435f238286cb837a8cadeaacad7d18e9d6a59902975d4844703956bf749,data/latex_benchmark_v0/corpus/08_crossrefs_citations/08_crossrefs_citations_014
08_crossrefs_citations_015,08_crossrefs_citations,hf_extracted,scholarweave/arxiv-latex,hep-th/9109029,accepted,accepted,1,1.0290483339999952,29,1823,41f92b2b8ffb8c94e2e6740bbd32b88822f59e653338ce55f22004afb5b3ae9a,92c8a020b6247babc2d76bbeff9354990eed07aca2b3820fb76b13eb2172db0f,data/latex_benchmark_v0/corpus/08_crossrefs_citations/08_crossrefs_citations_015
02_lists_formatting_003,02_lists_formatting,hf_extracted,scholarweave/arxiv-latex,hep-th/9109033,accepted,accepted,1,1.0246727919999898,31,1395,1d2032a4a091b3ee76e6423743f14b32a96834585be1185b0ad5bfb15127bfb3,3a6a9ece97894a2c0e3448abaff12643882d6def24f6e56112a8deeda7ca5b0d,data/latex_benchmark_v0/corpus/02_lists_formatting/02_lists_formatting_003
02_lists_formatting_006,02_lists_formatting,hf_extracted,scholarweave/arxiv-latex,hep-th/9109049,accepted,accepted,1,1.0130829579999983,32,1356,58439249f434803776cc0f0ed0baf112ed6db9125cdb64fd92eabd63e66ed2fd,16c24ab3ddd6fc1dfdab871aa0f808292f9d10b8e127d4dd3dd0b459ff95dcf9,data/latex_benchmark_v0/corpus/02_lists_formatting/02_lists_formatting_006
02_lists_formatting_008,02_lists_formatting,hf_extracted,scholarweave/arxiv-latex,hep-th/9110002,accepted,accepted,1,1.0611780410000051,53,2425,c586571f227954378af2168989cbef64b801f8aafd293d7aa22b0c119fd7dc8d,e71ea8eb0d59c54fb1a7130781fe108228c55cfc560ff58637e8af444da7dd9b,data/latex_benchmark_v0/corpus/02_lists_formatting/02_lists_formatting_008
07_figures_captions_002,07_figures_captions,hf_extracted,scholarweave/arxiv-latex,hep-th/9110012,accepted,accepted,1,1.051203041000008,26,986,799ae349687041100cff29b29e4182046ef569ce7a6a51def6d7bf70cc4c7196,0cbe727a1238cc301bfbb5214477e48c8d35b6322015afde32118961623a733b,data/latex_benchmark_v0/corpus/07_figures_captions/07_figures_captions_002
07_figures_captions_003,07_figures_captions,hf_extracted,scholarweave/arxiv-latex,hep-th/9110019,accepted,accepted,1,0.9878669159999873,32,1221,dbeefc78d7a429033bde421740d6c0864267c39b5fe710ad997c6965b1058e2d,a7aadbf8334086caf61a1ce032d6804ecacb362af5db8d9fa1be5f9f1e39b888,data/latex_benchmark_v0/corpus/07_figures_captions/07_figures_captions_003
02_lists_formatting_011,02_lists_formatting,hf_extracted,scholarweave/arxiv-latex,hep-th/9110048,accepted,accepted,1,1.0182735839999992,20,701,71e86266e444940b104a6fd1b65c413a8c22ef34c4463ce0dbd770bcd86e08f4,fd182d4efc4dff81417634b7329896df32ccee892f861e626a6cec649f69a378,data/latex_benchmark_v0/corpus/02_lists_formatting/02_lists_formatting_011
02_lists_formatting_012,02_lists_formatting,hf_extracted,scholarweave/arxiv-latex,hep-th/9110060,accepted,accepted,1,0.9790303339999866,26,1008,6a45fe99158e91bc13acf107037d8b7fae0f0381e27596be072de7c937df6364,2189956c6a502e6581de0bfe6e37fee46edb075195351b08aa057c77741826f8,data/latex_benchmark_v0/corpus/02_lists_formatting/02_lists_formatting_012
02_lists_formatting_013,02_lists_formatting,hf_extracted,scholarweave/arxiv-latex,hep-th/9111005,accepted,accepted,1,1.0838319169999977,25,1043,ac497ccacc365bd3558241caf23dab67a0a83fbaa736c3a3c6e161d2a3ef2429,44620db5254bccbc7cc19c994896db2466b194cc3cc09c1c06da5d8f1dc94e79,data/latex_benchmark_v0/corpus/02_lists_formatting/02_lists_formatting_013
02_lists_formatting_014,02_lists_formatting,hf_extracted,scholarweave/arxiv-latex,hep-th/9111006,accepted,accepted,1,1.0643297499999989,42,2075,8747a0bfdd734b4bdcea4d38034660644afa5ee50750e97bacf23ec52c8824c4,7a7aa271d310e42d981ff090a9c7c03d3198e754076315119b8de0ad238bd239,data/latex_benchmark_v0/corpus/02_lists_formatting/02_lists_formatting_014
02_lists_formatting_015,02_lists_formatting,hf_extracted,scholarweave/arxiv-latex,hep-th/9111025,accepted,accepted,1,1.1522970000000043,50,1906,5ef1fcc832f9fa0e3411216de573cd08bd654dd7f8871fe4a623646a37e8f416,ece79cfbc735002eeb4194fb35012e5004a65eee679bcdd17eb8b9dde8aa07bf,data/latex_benchmark_v0/corpus/02_lists_formatting/02_lists_formatting_015
02_lists_formatting_018,02_lists_formatting,hf_extracted,scholarweave/arxiv-latex,hep-th/9111060,accepted,accepted,1,1.06439125,27,1243,983027ce0629c8871c1bf8ca95a5876d6a118313e78fc5df1392c9260494e7c7,c787df68f4b117b4093f47b718430625255b2448bb15cb74d759b59b2e8a08bb,data/latex_benchmark_v0/corpus/02_lists_formatting/02_lists_formatting_018
07_figures_captions_004,07_figures_captions,hf_extracted,scholarweave/arxiv-latex,hep-th/9112027,accepted,accepted,1,1.0453830419999974,26,1309,d4f6c75a8f86c3790ed2b6be8e98f708d9ff6be91a13ba14f4869d28e115e47d,490b660d6ecfe4205a7e9c21feb534507df3ab07666975bb2d638a12d67a1fc3,data/latex_benchmark_v0/corpus/07_figures_captions/07_figures_captions_004
02_lists_formatting_020,02_lists_formatting,hf_extracted,scholarweave/arxiv-latex,hep-th/9112032,accepted,accepted,1,1.0591340000000002,40,1841,a3f7db468268cc8cc1bc04a680c7ece68087164ce70a2d30c05ccd29a0c54bbf,09b37ba6d405e495a5d118217a62a19978982e7d02c79d0254a99943c2fa673a,data/latex_benchmark_v0/corpus/02_lists_formatting/02_lists_formatting_020
02_lists_formatting_021,02_lists_formatting,hf_extracted,scholarweave/arxiv-latex,hep-th/9112043,accepted,accepted,1,1.0206258340000005,24,832,ebd0735d0d03aaf9a615fbc6dbc908c6b96e32bac35fde1c9c65425a75be31bb,9272a82becf8916bf7848983ba3d8700abc115aaab2e56f6b8f9f7bc9e1367e0,data/latex_benchmark_v0/corpus/02_lists_formatting/02_lists_formatting_021
07_figures_captions_005,07_figures_captions,hf_extracted,scholarweave/arxiv-latex,hep-lat/9201004,accepted,accepted,1,1.0390394580000049,26,890,5711a92df8ea367d36d99f9bcf2890ec22aeb23be702178b0fdab6d7f94e8cd5,1bd7bc79ff8ddc73bdcd0e253bf391eff932074bd5124c3f5651c30a75f2f259,data/latex_benchmark_v0/corpus/07_figures_captions/07_figures_captions_005
07_figures_captions_006,07_figures_captions,hf_extracted,scholarweave/arxiv-latex,hep-lat/9201005,accepted,accepted,1,1.2308598329999967,32,1339,d1b7e11f0a2ba7e0900db1d20f09f4b0a218c244ff0f8e67ddd742ba318af803,1277f56d564303d24d984f5ec69073ebafd024dad9ce7d0b5fa1931cc3920d0d,data/latex_benchmark_v0/corpus/07_figures_captions/07_figures_captions_006
02_lists_formatting_024,02_lists_formatting,hf_extracted,scholarweave/arxiv-latex,hep-lat/9201006,accepted,accepted,1,1.1118858749999987,48,2413,f0170173de40001919de313b01cabaec4cf0265a47ebce94e09eea07872e50a2,d4cabdbbed79b1c0db55b3e46f2e768924681d18ffa06211ed71b640369e241d,data/latex_benchmark_v0/corpus/02_lists_formatting/02_lists_formatting_024
07_figures_captions_007,07_figures_captions,hf_extracted,scholarweave/arxiv-latex,hep-lat/9201007,accepted,accepted,1,1.0190972089999946,20,1235,967e00dad7fe039524cce17da58f4446508b0b629c1d0a8e52a7a2646ca71eb1,a32def9a5895a27f7204b748cbd9689a4571afaae9edafdb953e6aca7337b59b,data/latex_benchmark_v0/corpus/07_figures_captions/07_figures_captions_007
02_lists_formatting_025,02_lists_formatting,hf_extracted,scholarweave/arxiv-latex,hep-th/9201026,accepted,accepted,1,1.108184625000007,23,917,974e2ccaf2a49eb7cb7a488adb32713ff1328aff06315eeff8519ce257a99a88,82b3a875d3756114296a2755aba04092f3ca1d65e7120cf8d0080f6317aa91a0,data/latex_benchmark_v0/corpus/02_lists_formatting/02_lists_formatting_025
02_lists_formatting_026,02_lists_formatting,hf_extracted,scholarweave/arxiv-latex,hep-th/9201030,accepted,accepted,1,1.063969499999999,27,1216,0ed34833f6aa8d3c40ed4e939313ba8b6824e779aaa657580f4ac5812695856d,101c1aca613cda334acca13bc637018f69deb8b9c62854646136c8431bd2b350,data/latex_benchmark_v0/corpus/02_lists_formatting/02_lists_formatting_026
07_figures_captions_008,07_figures_captions,hf_extracted,scholarweave/arxiv-latex,hep-th/9201067,accepted,accepted,1,0.9958288750000008,32,1155,9b3c7dd0161c8b265a6555757b537610f7b64de2afdeb33c4157fb6d1b0c1b2d,aea8546443bf9c5b6a1e7139e3b960db0e800e0fcc75ad2b6451ee14562cf5bb,data/latex_benchmark_v0/corpus/07_figures_captions/07_figures_captions_008
07_figures_captions_009,07_figures_captions,hf_extracted,scholarweave/arxiv-latex,hep-th/9201079,accepted,accepted,1,1.1355979170000126,20,773,d1fe6692d75112a33642a8ac706e3dcfaf5b5edb9bb02a34a0f126994805e217,c83e938ccbe2fd058c79650629de056d22bc94174514506719e05537944d07ce,data/latex_benchmark_v0/corpus/07_figures_captions/07_figures_captions_009
07_figures_captions_010,07_figures_captions,hf_extracted,scholarweave/arxiv-latex,math/9201241,accepted,accepted,1,1.0338259579999942,20,714,0b48e81260f6530a4026a5dcb65dab55af497b99748c798b4a3ac22de363942c,ac19bac281d29fb52fe663b4397b6cab942350ad4271ad28efe47fd4ca394a6a,data/latex_benchmark_v0/corpus/07_figures_captions/07_figures_captions_010
07_figures_captions_011,07_figures_captions,hf_extracted,scholarweave/arxiv-latex,math/9201259,accepted,accepted,1,1.0343033329999969,20,850,048e891487dee7ffe5467268cc7132150494e5c6f533e73fde20aaa3f90edf8b,751ef4fa86deed191bf2646d4a00423d34c6918e4ab7bc99e412ca26b5e6c39e,data/latex_benchmark_v0/corpus/07_figures_captions/07_figures_captions_011
07_figures_captions_012,07_figures_captions,hf_extracted,scholarweave/arxiv-latex,math/9201282,accepted,accepted,1,1.0393570829999987,33,1575,40ae03e262ea8f12d69de39bb6a9f162b4f4fcd53339b180d233be5793859571,7d2eaa6e455a4efb21af8d1b5b2208ea63c2b1fe34eb2bdf5b78f013cd745fa7,data/latex_benchmark_v0/corpus/07_figures_captions/07_figures_captions_012
07_figures_captions_013,07_figures_captions,hf_extracted,scholarweave/arxiv-latex,alg-geom/9202004,accepted,accepted,1,1.018910500000004,21,813,b5b7a5afe655afae7804f1b65b5e59c8d37e62c239fbdb0e3ff59afc27d8e286,0db078b921b4918e6299caaf889bdc0222c682a6ec657125530049716ca2c9f5,data/latex_benchmark_v0/corpus/07_figures_captions/07_figures_captions_013
07_figures_captions_014,07_figures_captions,hf_extracted,scholarweave/arxiv-latex,hep-th/9202018,accepted,accepted,1,1.0050082919999994,21,806,b9f36f8954b9f6830a94e800df140bec7a43e33c4a71a0170731031c36c5508d,26f8717af446a50c9a98e398b92bcbfcd2b0a6e3c85a2f8ca620f655979f7067,data/latex_benchmark_v0/corpus/07_figures_captions/07_figures_captions_014
07_figures_captions_015,07_figures_captions,hf_extracted,scholarweave/arxiv-latex,alg-geom/9202026,accepted,accepted,1,1.0043065840000054,20,752,b36606378080f47aa94f1171636ea5969f9788917904aa2e75d3ef2419da2960,cadd1746b61b67bf3648c1aa7e95c545628f8358932510295355c7490b27fc7b,data/latex_benchmark_v0/corpus/07_figures_captions/07_figures_captions_015
11_forms_cv_letters_001,11_forms_cv_letters,texlive_example,TeX Live 2026,/usr/local/texlive/2026/texmf-dist/doc/latex/europecv/templates/cv_template_academic_en.tex,accepted,accepted,3,1.2481582079999924,138,8093,19b77930cc66f6ac9277c693eaa0ffb720afb7f04a86aca848b75264d7215fbd,04342c0755bb9de070f0f95fce1a6e2a51feec664ea0583aa6c3328855726863,data/latex_benchmark_v0/corpus/11_forms_cv_letters/11_forms_cv_letters_001
11_forms_cv_letters_002,11_forms_cv_letters,texlive_example,TeX Live 2026,/usr/local/texlive/2026/texmf-dist/doc/latex/europecv/templates/cv_template_en.tex,accepted,accepted,2,0.9889951250000024,80,4778,961be704f587dff06379eea0b389654ecd89dd6fbd1936155bf6c0de368270e9,3a1e0e9bb7e0a6d286c152e45521fd85751c70573aee4de71cb319ac4d09ba6f,data/latex_benchmark_v0/corpus/11_forms_cv_letters/11_forms_cv_letters_002
11_forms_cv_letters_003,11_forms_cv_letters,texlive_example,TeX Live 2026,/usr/local/texlive/2026/texmf-dist/doc/latex/koma-script-examples/Kapitel-4/source/letter-14.tex,accepted,accepted,1,1.018229667,47,1647,8f744c67bf5b7888f39885772539bf25b9402006ad8b9586d4f2fe24ec5e23e3,50d19dae6b617600515244543fa0b09b78868e7f09499f52998c1815db489376,data/latex_benchmark_v0/corpus/11_forms_cv_letters/11_forms_cv_letters_003
11_forms_cv_letters_004,11_forms_cv_letters,texlive_example,TeX Live 2026,/usr/local/texlive/2026/texmf-dist/doc/latex/koma-script-examples/Kapitel-4/source/letter-2.tex,accepted,accepted,1,1.0388486669999963,35,1184,341237046fd15c83705d1c6dd5578beb8bfb862f3284bbbf9aac4416adbc6b8c,12515ec551adfd15c80c3f9860bf7dcc766290d978e8c9343d5ee9df17e121db,data/latex_benchmark_v0/corpus/11_forms_cv_letters/11_forms_cv_letters_004
11_forms_cv_letters_005,11_forms_cv_letters,texlive_example,TeX Live 2026,/usr/local/texlive/2026/texmf-dist/doc/latex/koma-script-examples/Kapitel-4/source/letter-3.tex,accepted,accepted,1,1.0064486250000044,36,1229,6fac05bb9a4631a28c2815fc1ebb01b94ef56c41284fc080463ab2910454877b,89c77a173d6a881f269be4b3f321b807e17581487cc34cd9ef73f7c8975af51b,data/latex_benchmark_v0/corpus/11_forms_cv_letters/11_forms_cv_letters_005
11_forms_cv_letters_006,11_forms_cv_letters,texlive_example,TeX Live 2026,/usr/local/texlive/2026/texmf-dist/doc/latex/koma-script-examples/Kapitel-4/source/letter-15.tex,accepted,accepted,1,1.0022965,47,1663,7e9bb646072c5c9330006c505a019b3c6d0ec6123eca2b2ce2a14d679602d32d,984e6e4bc0ec38d4b7998445ba17918cae9c75ff28ceb9af2cfffeb49b114e6c,data/latex_benchmark_v0/corpus/11_forms_cv_letters/11_forms_cv_letters_006
11_forms_cv_letters_007,11_forms_cv_letters,texlive_example,TeX Live 2026,/usr/local/texlive/2026/texmf-dist/doc/latex/koma-script-examples/Kapitel-4/source/letter-1.tex,accepted,accepted,1,0.9889055000000013,34,1134,7877e85d5854ed4a70fb40aa6b4871271410aa42427a21de3cd05c7aae1c1c18,7e8fcdd45829622b657ece24b398572566e3ef9fb45f8be35221430b50b48349,data/latex_benchmark_v0/corpus/11_forms_cv_letters/11_forms_cv_letters_007
11_forms_cv_letters_008,11_forms_cv_letters,texlive_example,TeX Live 2026,/usr/local/texlive/2026/texmf-dist/doc/latex/koma-script-examples/Kapitel-4/source/letter-0.tex,accepted,accepted,1,0.9869225829999948,28,880,5e67245ebddceb7160cfb129bc80956293d7ae02e32ae4b4150d3cb86d73d196,e299082a99e356c461698d7e3c79f5a2deae44b1e1ffc5d2455c6fd2e314a2c7,data/latex_benchmark_v0/corpus/11_forms_cv_letters/11_forms_cv_letters_008
11_forms_cv_letters_009,11_forms_cv_letters,texlive_example,TeX Live 2026,/usr/local/texlive/2026/texmf-dist/doc/latex/koma-script-examples/Kapitel-4/source/letter-12.tex,accepted,accepted,1,1.0244778750000023,47,1663,d44a52ae8cc66616bdbb3e98e552de5d3b67ce826c7a675bc1ed1c276afd8e35,64418e247c32a53b55125d18ea449b2d482ee7dc1b1ba8496f1c695989f15920,data/latex_benchmark_v0/corpus/11_forms_cv_letters/11_forms_cv_letters_009
11_forms_cv_letters_010,11_forms_cv_letters,texlive_example,TeX Live 2026,/usr/local/texlive/2026/texmf-dist/doc/latex/koma-script-examples/Kapitel-4/source/letter-4.tex,accepted,accepted,1,1.0778368330000063,39,1347,71d5bf3859c6db12cdda57fde7a12109dfc4f911aa93ca6861e62ba7831bea8c,b092e54a9319cfe9065893836be09aa498e06237756b467a4ce92d5ed7f8ec8b,data/latex_benchmark_v0/corpus/11_forms_cv_letters/11_forms_cv_letters_010
