sample_id,status,reason,page_count,compile_seconds,source_path,package,source_family,document_form,construct_tags,size_bucket,nonblank_lines,source_chars,sha256_source,sha256_pdf,corpus_dir
flashcards_samplecards_b13d7ede,accepted,accepted,2,0.6931820000000002,/usr/local/texlive/2026/texmf-dist/doc/latex/flashcards/samplecards.tex,flashcards,texlive_ctan_doc,math_short,display_math;inline_math;lists,medium,91,4003,3b68214307c9037ca00fb48e3d7117c4e42819fc01f9fb74560aed60dbd55260,345cfd756e12621fca4b94b6c602fce9ad5349644d3688047aac1bf1f9e3a580,data/texlive_seed_simple/corpus/math_short/flashcards_samplecards_b13d7ede
newlfm_test5_25cb1947,rejected,pdflatex_failed,0,0.25590199999999896,/usr/local/texlive/2026/texmf-dist/doc/latex/newlfm/test5.tex,newlfm,texlive_ctan_doc,table,captions;crossrefs;simple_table,short,28,804,747a974b84e3957ea9f61366b240e204beada595fe83f38f2838242ed2f2b48c,,
q_and_a_q_and_a_demo_chatgpt_8fa0b7c9,rejected,pdflatex_failed,0,8.437403667000002,/usr/local/texlive/2026/texmf-dist/doc/latex/q-and-a/demo/theme-ChatGPT/Q-and-A-demo-ChatGPT.tex,q-and-a,texlive_ctan_doc,figure_diagram_plot,diagram_nodes_edges;figures_images;tikz,short,41,1479,0b0de50a76ccbbeeb4cb243e55d95c0ee5669169386826532b347e53e227cc1a,,
properties_testprop_b9bf0333,accepted,accepted,1,2.026824332999997,/usr/local/texlive/2026/texmf-dist/doc/latex/properties/testprop.tex,properties,texlive_ctan_doc,package_example,inline_math;text_sectioning,short,39,1277,74b66fb9405cf12fe73433d0e45845210eeb15330ba49015bcc52d19dc2eb82b,dcd9ee065d2657cb8b785979573c0071947ae225f8241545946e7af32c897278,data/texlive_seed_simple/corpus/package_example/properties_testprop_b9bf0333
moodle_test_handout_40c7590d,accepted,accepted,3,1.7937106669999991,/usr/local/texlive/2026/texmf-dist/doc/latex/moodle/test/test_handout.tex,moodle,texlive_ctan_doc,compact_paper,fonts_symbols;lists;text_sectioning,medium,133,3393,bf0e6c8ba2a90ecade4ccd67db0f1150b32a289e45c0a804d059c1b9c5a4fd0a,d67c668a6216e7e8e9fc52272e4d6deb7fa7d718239ec9443a4d44f410147b56,data/texlive_seed_simple/corpus/compact_paper/moodle_test_handout_40c7590d
bloques_example_37a6dd4d,rejected,pdflatex_failed,0,0.12653549999999925,/usr/local/texlive/2026/texmf-dist/doc/latex/bloques/example.tex,bloques,texlive_ctan_doc,letter_form_teaching,captions;diagram_nodes_edges;figures_images;inline_math;text_sectioning;tikz,medium,243,6212,3818b1d76868ae1b167a0417739adb6a74b555047985ce971ed44d988ac264ae,,
thesis_titlepage_fhac_doxygen_header_13ee4333,rejected,pdflatex_failed,0,0.6186307090000014,/usr/local/texlive/2026/texmf-dist/doc/latex/thesis-titlepage-fhac/doxygen_header.tex,thesis-titlepage-fhac,texlive_ctan_doc,algorithm,algorithm_pseudocode;custom_macros;theorems_proofs,medium,72,2002,7ae4094db680407d48e64be54b31fcf8cb0ba82df39ce6b244adbd56243d701c,,
issuulinks_sample_fa2181a6,rejected,page_count_4,4,0.8606420839999984,/usr/local/texlive/2026/texmf-dist/doc/latex/issuulinks/sample.tex,issuulinks,texlive_ctan_doc,paper_excerpt,citations_bibliography;crossrefs;display_math;text_sectioning,short,32,868,0f03fad22f0771fc350f4e4d72377ab7e83fada231207b7c4fa28e879fd6b09b,,
facsimile_example_4efd58a7,rejected,pdflatex_failed,0,0.1521175000000028,/usr/local/texlive/2026/texmf-dist/doc/latex/facsimile/example.tex,facsimile,texlive_ctan_doc,cv_resume,display_math;inline_math;simple_table,medium,55,1967,6b3c7bf32f4be5beb6c88f6e566c61b49ede6a1d158aa597b49a782c7a4071a4,,
nomencl_sample04_ef231ae7,accepted,accepted,1,0.8898302499999993,/usr/local/texlive/2026/texmf-dist/doc/latex/nomencl/sample04.tex,nomencl,texlive_ctan_doc,math_short,display_math;inline_math;text_sectioning,short,21,656,540ff2834a3b7fca46f8ea8a42af3a4bcf6e4e812e50f710122f53ee4b3a9b20,7d4bd164c1918c4582f147070a25164187da13e0a6f6a1416093bebae4070497,data/texlive_seed_simple/corpus/math_short/nomencl_sample04_ef231ae7
newlfm_test5alt_12940d14,rejected,pdflatex_failed,0,0.21349737499999932,/usr/local/texlive/2026/texmf-dist/doc/latex/newlfm/test5alt.tex,newlfm,texlive_ctan_doc,table,captions;crossrefs;simple_table,short,28,778,5b8c1d828408762a0c2a462328938394636533b3f59d80475d4e5c2f37feb9d8,,
q_and_a_q_and_a_demo_chatgpt_classical_ea8c5dcd,rejected,pdflatex_failed,0,8.364367458000004,/usr/local/texlive/2026/texmf-dist/doc/latex/q-and-a/demo/theme-ChatGPT-classical/Q-and-A-demo-ChatGPT-classical.tex,q-and-a,texlive_ctan_doc,figure_diagram_plot,diagram_nodes_edges;figures_images;tikz,short,40,1459,c77e3480518db7ee8d871fba7800e8130cf0b945de32bb7f7837a6f63089d2bb,,
bxjalipsum_sample_bxjalipsum_1_62879bbd,rejected,pdflatex_failed,0,0.16837704199999592,/usr/local/texlive/2026/texmf-dist/doc/latex/bxjalipsum/sample-bxjalipsum-1.tex,bxjalipsum,texlive_ctan_doc,package_example,lists;text_sectioning,short,34,705,880c08ff17904b53d704ef72118679a1ce359ca90035c7e4b8a28adf09a37731,,
datetime2_it_fulltext_sample_it_timedatestyle2_f304cacb,accepted,accepted,3,0.9442504169999992,/usr/local/texlive/2026/texmf-dist/doc/latex/datetime2-it-fulltext/samples/sample-it-timedatestyle2.tex,datetime2-it-fulltext,texlive_ctan_doc,compact_paper,fonts_symbols;lists;text_sectioning,medium,103,3145,ff20f3dce6a90ca5fc33478c854fa2cba90b7c13bf0f1fd8d5f09577f27f54eb,50dee50ba3cbd84cebfb7da6853317faf919554a4f6949e0b174b4a204698988,data/texlive_seed_simple/corpus/compact_paper/datetime2_it_fulltext_sample_it_timedatestyle2_f304cacb
estcpmm_sample_f594ace9,rejected,page_count_17,17,0.9223942919999999,/usr/local/texlive/2026/texmf-dist/doc/latex/estcpmm/sample.tex,estcpmm,texlive_ctan_doc,letter_form_teaching,captions;crossrefs;figures_images;inline_math;simple_table;text_sectioning,short,53,1338,394f8118653246cf0e9130800e28af7f10562740eb97e40d179d907f69855d1f,,
hep_reference_hep_reference_test_aa69e0fd,accepted,accepted,1,0.9196599159999934,/usr/local/texlive/2026/texmf-dist/doc/latex/hep-reference/hep-reference-test.tex,hep-reference,texlive_ctan_doc,paper_excerpt,citations_bibliography;crossrefs;display_math;footnotes;text_sectioning,medium,45,1544,df39ed8464f1d19e5c5cd4480e39fde3903dc09e41a1242bbe99ff73731ff2c9,2368ffe0bbab78c5b030357699d933ee9a286326188418e254d5b62f26f3edbb,data/texlive_seed_simple/corpus/paper_excerpt/hep_reference_hep_reference_test_aa69e0fd
pgf_go_example_6_3241e2b4,rejected,pdflatex_failed,0,0.14388616600000148,/usr/local/texlive/2026/texmf-dist/doc/latex/pgf-go/examples/example-6.tex,pgf-go,texlive_ctan_doc,cv_resume,simple_table,short,25,744,b8a44b798877dfb7b37d3436366fdbca4222e3cd7bd365cf3122fce2220699c8,,
nomencl_sample01_6f5f0d7b,accepted,accepted,1,0.7087734589999997,/usr/local/texlive/2026/texmf-dist/doc/latex/nomencl/sample01.tex,nomencl,texlive_ctan_doc,math_short,display_math;inline_math;text_sectioning,short,18,565,067ac2524542a7bfe08facd20a620a419b72fbff52de3371646458beedff9a0a,8a69917e12a71e7110ec846994284985906379d4ae865df1ccc27cb14d2ed1d5,data/texlive_seed_simple/corpus/math_short/nomencl_sample01_6f5f0d7b
glossaries_sampleacr_82100fbe,rejected,page_count_5,5,1.310725416000004,/usr/local/texlive/2026/texmf-dist/doc/latex/glossaries/samples/sampleAcr.tex,glossaries,texlive_ctan_doc,table,simple_table;text_sectioning,medium,71,2750,3aa011447dcf03cde2804351ba6b963c29015d138e463879f0b4dbc7b69c1188,,
moodle_test_circuitikz_5121defb,rejected,pdflatex_failed,0,0.8997319160000004,/usr/local/texlive/2026/texmf-dist/doc/latex/moodle/test/test_circuitikz.tex,moodle,texlive_ctan_doc,figure_diagram_plot,diagram_nodes_edges;fonts_symbols;inline_math;text_sectioning;tikz,short,32,1110,dbc9c6d229753ad49a62c5b65a191e898dfcf05ddd87948555bb96439eb24950,,
datatool_sample_piechart_bd392b22,accepted,accepted,1,2.905360334000001,/usr/local/texlive/2026/texmf-dist/doc/latex/datatool/samples/sample-piechart.tex,datatool,texlive_ctan_doc,package_example,captions;figures_images,short,28,857,664824042eee63c65981c9ce7accbe2b2c8c56d357653afff95451c3762889ea,13f4923d18809662226a1e37ba46938c599003b096e41f1a9cefc584a98baedd,data/texlive_seed_simple/corpus/package_example/datatool_sample_piechart_bd392b22
moodle_test_minted_128b5827,rejected,pdflatex_failed,0,0.6590071250000022,/usr/local/texlive/2026/texmf-dist/doc/latex/moodle/test/test_minted.tex,moodle,texlive_ctan_doc,compact_paper,fonts_symbols;inline_math;text_sectioning,medium,102,3496,a00c07bb506278831243dfc3680911637a14b6cb186e8736c75adb15c1e07d84,,
dinbrief_example_3cbc0916,rejected,pdflatex_failed,0,0.15460791699999987,/usr/local/texlive/2026/texmf-dist/doc/latex/dinbrief/example.tex,dinbrief,texlive_ctan_doc,letter_form_teaching,display_math;figures_images;inline_math,medium,165,5740,1f7472d68ef004f8da25f7c2a78aa2825b81d3fbf92d5f97767ac5bcb5b58e09,,
dtk_beispiel_74343a54,rejected,pdflatex_failed,0,0.13070024999999674,/usr/local/texlive/2026/texmf-dist/doc/latex/dtk/doc/beispiel.tex,dtk,texlive_ctan_doc,paper_excerpt,citations_bibliography;lists;text_sectioning,medium,93,3021,847ea3c3b05ca6d7f8f3ba6b04c82943ff0bb464c2bf64686436b0e876625b68,,
hepparticles_testhepparticles_7a9912d4,rejected,page_count_4,4,0.8240891669999968,/usr/local/texlive/2026/texmf-dist/doc/latex/hepparticles/testhepparticles.tex,hepparticles,texlive_ctan_doc,cv_resume,custom_macros;inline_math;simple_table;text_sectioning,medium,152,7794,8cdcab074ab9cc8dd645e98fb4f1bb2a0221f6a1ede744418dca044785578911,,
polski_sample_polski_74f07fb0,accepted,accepted,2,0.6981583749999984,/usr/local/texlive/2026/texmf-dist/doc/latex/polski/sample-polski.tex,polski,texlive_ctan_doc,math_short,captions;crossrefs;display_math;figures_images;fonts_symbols;inline_math;text_sectioning,medium,99,4902,ba31c4ef63ebd5006dfd0abef7d9ca71038868f92ed3cf28d69fd81d01eefcca,10328e481bdf8940778954fc28272e680095772b807320deb600da78e521818d,data/texlive_seed_simple/corpus/math_short/polski_sample_polski_74f07fb0
psnfss_mathtest_eafa99ef,accepted,accepted,1,0.7365153749999962,/usr/local/texlive/2026/texmf-dist/doc/latex/psnfss/test/mathtest.tex,psnfss,texlive_ctan_doc,table,display_math;fonts_symbols;inline_math;simple_table,medium,101,3163,7751cde16bdd54fbf8b92feee1c3a677c3f5681ff9a6a905782e00dbba654697,30493844a01e225a834637a603ca5229a29926886e09837e0c3643dc51b03a49,data/texlive_seed_simple/corpus/table/psnfss_mathtest_eafa99ef
svg_animate_test_45578bdf,accepted,accepted,1,1.195343207999997,/usr/local/texlive/2026/texmf-dist/doc/latex/svg-animate/test.tex,svg-animate,texlive_ctan_doc,figure_diagram_plot,custom_macros;diagram_nodes_edges;display_math;simple_table;tikz,medium,121,4076,e17863cadb7a7296b80617169ac9220136ee1f6eb1d09a803bfff1b8308603ea,ddcfc4df9384997fdffb0056bd22b3e7d8bbaf92d035373d279d4c64327ec212,data/texlive_seed_simple/corpus/figure_diagram_plot/svg_animate_test_45578bdf
flowfram_sample_book_9425524b,rejected,page_count_38,38,1.3754064999999969,/usr/local/texlive/2026/texmf-dist/doc/latex/flowfram/samples/sample-book.tex,flowfram,texlive_ctan_doc,package_example,custom_macros;inline_math;text_sectioning,medium,82,2651,2912947e9c630998b31aa1a6a6a2c0cf04d01aea44e7cd4a9993ccee0ceb5f61,,
moodle_test_cloze_multi_77caf716,accepted,accepted,2,1.8567440420000025,/usr/local/texlive/2026/texmf-dist/doc/latex/moodle/test/test_cloze_multi.tex,moodle,texlive_ctan_doc,compact_paper,fonts_symbols;lists;text_sectioning,medium,101,2732,33354155cd1605b9158bf9a521b7f5f91d4c14773da1c3fd9f1d7981aa9064d2,c02319f7b394aa05698ada6e4bbb0a1ed3baf8d77d9bac680407f839ba7e409b,data/texlive_seed_simple/corpus/compact_paper/moodle_test_cloze_multi_77caf716
bmstu_bmstu_examples_d9bb2976,rejected,pdflatex_failed,0,15.008120624999997,/usr/local/texlive/2026/texmf-dist/doc/latex/bmstu/examples/bmstu-examples.tex,bmstu,texlive_ctan_doc,letter_form_teaching,crossrefs;display_math;text_sectioning,medium,105,7249,84f68850e1492536d9bcaccad5264a0be6972240c4ea0263ad39bad5f1cf63b9,,
pbsheet_xpl_fr_ff687079,rejected,pdflatex_failed,0,0.3612294590000005,/usr/local/texlive/2026/texmf-dist/doc/latex/pbsheet/xpl/xpl-fr.tex,pbsheet,texlive_ctan_doc,paper_excerpt,citations_bibliography;crossrefs;inline_math;lists;text_sectioning,medium,120,6473,c61de04004ecb58b2ef241f6bf77de3a6233a108efec4cce8b315a9e03a9ad43,,
nomencl_sample03_e3dd6308,accepted,accepted,1,0.9780244589999967,/usr/local/texlive/2026/texmf-dist/doc/latex/nomencl/sample03.tex,nomencl,texlive_ctan_doc,math_short,crossrefs;display_math;inline_math;text_sectioning,short,36,1478,ef96971f19e22be2a08c9e2e3b7b0d373a5da1d9adf7105388e3c5e7ba253c27,c465ab8e472bb5fc448a614d4ba0716c4bd99271e66bb10015c28757b4cdb452,data/texlive_seed_simple/corpus/math_short/nomencl_sample03_e3dd6308
datatool_sample_two_per_row_15c074ac,accepted,accepted,1,2.2257530830000007,/usr/local/texlive/2026/texmf-dist/doc/latex/datatool/samples/sample-two-per-row.tex,datatool,texlive_ctan_doc,table,captions;simple_table,short,49,1476,99d28286dbde5bc00f81535254a29438729b0fb7974bd421f252978e3fa3b459,8a13e3232393035137a85e3463257239bd3f6f2568cf91c4f3587ce52dbf76f5,data/texlive_seed_simple/corpus/table/datatool_sample_two_per_row_15c074ac
kkran_kkran_sample_9f198ee7,rejected,pdflatex_failed,0,0.15034854199998904,/usr/local/texlive/2026/texmf-dist/doc/latex/kkran/kkran-sample.tex,kkran,texlive_ctan_doc,figure_diagram_plot,diagram_nodes_edges;inline_math;tikz,medium,44,2031,222aab5d002593051be757ed666cc558d45f4ae21682c9ef58e4ca1bed34f70f,,
harnon_cv_sample_de076863,accepted,accepted,1,0.9577204999999935,/usr/local/texlive/2026/texmf-dist/doc/latex/harnon-cv/sample.tex,harnon-cv,texlive_ctan_doc,package_example,lists,medium,38,1940,e9f1a90ae4ffed6296d2f25c7376a5b4bd7b6615e7e338b0b9b944af2986aacf,d7111f4353cb0f0280ebb5aefdb04dbd0064b8231367bbebfb17b53f6100dec8,data/texlive_seed_simple/corpus/package_example/harnon_cv_sample_de076863
moodle_test_tags_ee7f1da3,accepted,accepted,3,1.6126493329999931,/usr/local/texlive/2026/texmf-dist/doc/latex/moodle/test/test_tags.tex,moodle,texlive_ctan_doc,compact_paper,fonts_symbols;lists;text_sectioning,medium,89,2201,0fab3c6d61f0b2c684fbf616f3818268158547604c73fdb100fc253eb32684f8,95dcb9feb7bfec977895225e32476049a6e14021d3892953642ec05a0155d5fe,data/texlive_seed_simple/corpus/compact_paper/moodle_test_tags_ee7f1da3
exsol_example_inline_099184c9,accepted,accepted,2,0.746953916999999,/usr/local/texlive/2026/texmf-dist/doc/latex/exsol/example-inline.tex,exsol,texlive_ctan_doc,letter_form_teaching,inline_math;lists;text_sectioning,medium,96,3225,da0dee674b09b64d6194957f0cd4263e1b0935be2b57553058fd0c30eb9e297b,1ebebc0af0a4e668d29ef8fdd65816a06bd8c2d140050066d9e3404d19118058,data/texlive_seed_simple/corpus/letter_form_teaching/exsol_example_inline_099184c9
latex_notes_zh_cn_i18n_58a29479,rejected,pdflatex_failed,0,0.11853829100000723,/usr/local/texlive/2026/texmf-dist/doc/generic/latex-notes-zh-cn/src/i18n.tex,latex-notes-zh-cn,texlive_ctan_doc,paper_excerpt,citations_bibliography;crossrefs;footnotes;inline_math;text_sectioning,medium,52,3381,ea31bc0b27134c011d7993e8a4a4c65019223092b67718e806b99fd0a3d2f7cc,,
nomencl_sample02_727d1250,accepted,accepted,1,0.701652958000011,/usr/local/texlive/2026/texmf-dist/doc/latex/nomencl/sample02.tex,nomencl,texlive_ctan_doc,math_short,crossrefs;display_math;inline_math;text_sectioning,short,34,1235,ad79da30d6e652a9ef8c0baacdb0037fcd12c8c62b30fa37548bf7dcd33b33d9,3f7b4c1d4d36a704fedc1969d9cebce70f9b9f2976b0173ca17551f777a27ffe,data/texlive_seed_simple/corpus/math_short/nomencl_sample02_727d1250
platexcheat_sample_jsclasses_bc696ba7,rejected,pdflatex_failed,0,0.12134174999999914,/usr/local/texlive/2026/texmf-dist/doc/latex/platexcheat/sample-jsclasses.tex,platexcheat,texlive_ctan_doc,table,captions;crossrefs;simple_table;text_sectioning,short,25,739,2738d30c1d3c8de0966a53640f65ae164897b495b1f44a56dbd074803dc752fc,,
opencolor_demo_opencolor_fbf71cfd,accepted,accepted,1,1.4516454580000016,/usr/local/texlive/2026/texmf-dist/doc/latex/opencolor/demo-opencolor.tex,opencolor,texlive_ctan_doc,figure_diagram_plot,custom_macros;diagram_nodes_edges;tikz,short,20,656,d1cb4b2d716e2b442c1dcef305fd6e4db0032fc736162c235bc47da891ec13bf,4699bb2298d8ac964f235c886a58b4bb211044a623e95e56826bc5535353af46,data/texlive_seed_simple/corpus/figure_diagram_plot/opencolor_demo_opencolor_fbf71cfd
datatool_sample_barchart_9e71cda4,accepted,accepted,1,3.095198040999989,/usr/local/texlive/2026/texmf-dist/doc/latex/datatool/samples/sample-barchart.tex,datatool,texlive_ctan_doc,package_example,captions;custom_macros;diagram_nodes_edges;figures_images;tikz,medium,48,1803,83addb5ce3de20cffaac22c87e277396b6e63708931bda728989bd223223cde7,3eca227fc5aafaa6c60466b8bcdf89362330d6c6d6c8885b7d6acddbedc675fd,data/texlive_seed_simple/corpus/package_example/datatool_sample_barchart_9e71cda4
moodle_test_punctuation_and_symbols_1b618a8e,accepted,accepted,2,1.788541834,/usr/local/texlive/2026/texmf-dist/doc/latex/moodle/test/test_punctuation_and_symbols.tex,moodle,texlive_ctan_doc,compact_paper,fonts_symbols;inline_math;text_sectioning,medium,83,2378,e11a7bd28a24abfaa5c1669450eaee3302eeb530217308ab790b02ec56b3a69f,1b454117c32df35dfeb9050f11bcd310f727d7020937226d27f16106e631a055,data/texlive_seed_simple/corpus/compact_paper/moodle_test_punctuation_and_symbols_1b618a8e
exsol_example_local_77abe264,accepted,accepted,1,0.7677744170000125,/usr/local/texlive/2026/texmf-dist/doc/latex/exsol/example-local.tex,exsol,texlive_ctan_doc,letter_form_teaching,inline_math;lists;text_sectioning,medium,96,3266,d6189df1a62016952bdaf105e52dceb79d1b1a75623ca90615e9fee9afa45206,1d1806e3b24685b233aa0d8ee7e06ba426000efd45c7c38f783460a586721858,data/texlive_seed_simple/corpus/letter_form_teaching/exsol_example_local_77abe264
biblatex_chicago_cms_legal_sample_21bb5705,rejected,pdflatex_failed,0,0.154784958999997,/usr/local/texlive/2026/texmf-dist/doc/latex/biblatex-chicago/cms-legal-sample.tex,biblatex-chicago,texlive_ctan_doc,paper_excerpt,citations_bibliography;crossrefs;custom_macros;fonts_symbols;footnotes;lists;text_sectioning,medium,140,5715,60d6f6d25e48c9eea3f6a953ff8b66c873570e12de015b9a62de003ea2a0317d,,
xfor_sample_35109796,accepted,accepted,1,0.5872448749999961,/usr/local/texlive/2026/texmf-dist/doc/latex/xfor/sample.tex,xfor,texlive_ctan_doc,math_short,custom_macros;display_math;inline_math,medium,109,3222,2b4852f0c31578573975bd2697e8d355eabeb12ea3a3c1aca9880b5972ca533f,b7ff7828a219eb6644a21d8382d912c66c62f519f49f16e17ffde7b39a513a05,data/texlive_seed_simple/corpus/math_short/xfor_sample_35109796
platexcheat_sample_e51260f7,rejected,pdflatex_failed,0,0.12717316699999515,/usr/local/texlive/2026/texmf-dist/doc/latex/platexcheat/sample.tex,platexcheat,texlive_ctan_doc,table,captions;crossrefs;simple_table;text_sectioning,short,25,734,e6bbff241f99e68e6b653541d1472c05cc682d3d992d02a14fb69a117bb1cbdc,,
stex_stex_tikzinput_9406849b,rejected,pdflatex_failed,0,0.12459870800000772,/usr/local/texlive/2026/texmf-dist/doc/latex/stex/packages/stex-tikzinput.tex,stex,texlive_ctan_doc,figure_diagram_plot,figures_images;tikz,medium,52,2890,6e7675f1bee0d3a4bacd3c9d115b3241357beb33a16cfef975416eaa49b09716,,
japanese_otf_pkanatest_d4a4c334,rejected,pdflatex_failed,0,0.12510670900000775,/usr/local/texlive/2026/texmf-dist/doc/fonts/japanese-otf/doc/test/pkanatest.tex,japanese-otf,texlive_ctan_doc,package_example,inline_math,short,24,2571,715c9cb9a0fc403a9f4618c9510d5aac3ae1606806252200a493b99700c6843f,,
moodle_test_fancyvrb_6806d016,rejected,distribution_cap_package,0,0.0,/usr/local/texlive/2026/texmf-dist/doc/latex/moodle/test/test_fancyvrb.tex,moodle,texlive_ctan_doc,compact_paper,fonts_symbols;inline_math;text_sectioning,medium,76,2603,f81a7ca909fac3eb9c8f658b5e932d50afe8198adf021b3801450cf106b9ffd6,,
support_example_diff_9a53e9a6,accepted,accepted,1,0.718888082999996,/usr/local/texlive/2026/texmf-dist/doc/support/latexdiff/doc/example-diff.tex,support,texlive_ctan_doc,letter_form_teaching,color;simple_table;text_sectioning,medium,93,4215,eff6e025a5a637f2470df4e78c18b420b06c955907d55032a698db3828feaebf,450d3b1b5af558d3a293d266a4f865f0f24eab5cf0746e8f1201bb2d624c0fbd,data/texlive_seed_simple/corpus/letter_form_teaching/support_example_diff_9a53e9a6
glossaries_extra_sample_accsupp_cca81d79,rejected,distribution_cap_form,0,0.0,/usr/local/texlive/2026/texmf-dist/doc/latex/glossaries-extra/samples/sample-accsupp.tex,glossaries-extra,texlive_ctan_doc,math_short,custom_macros;display_math;text_sectioning,medium,91,3761,22e609ee7c512f58f735ad884b61878dd5d8402ed263b9fa9d5d45f6c8d91230,,
commedit_sample_ab1fcd8d,rejected,pdflatex_failed,0,0.1667874999999981,/usr/local/texlive/2026/texmf-dist/doc/latex/commedit/sample.tex,commedit,texlive_ctan_doc,table,captions;crossrefs;display_math;figures_images;footnotes;lists;simple_table;text_sectioning,medium,142,3700,b3716deecf70ee572aca5cfc806a0b533bb59cb01ff09198daded3acb5e74af6,,
skeyval_skeyval_pokayoke2_29d8130b,rejected,pdflatex_failed,0,0.2903402080000035,/usr/local/texlive/2026/texmf-dist/doc/latex/skeyval/skeyval-pokayoke2.tex,skeyval,texlive_ctan_doc,figure_diagram_plot,color;custom_macros;diagram_nodes_edges;display_math;footnotes;tikz,medium,167,6241,24a1dddbfd2cae89792a12fbe5438fae03539ba82128af3b44c3bc7ab8db72f0,,
songbook_samplekdx_7ed9e71c,rejected,pdflatex_failed,0,0.1697131669999976,/usr/local/texlive/2026/texmf-dist/doc/latex/songbook/sampleKdx.tex,songbook,texlive_ctan_doc,package_example,custom_macros;inline_math,medium,110,3894,b97a6486d108c99d4fa1fe93897c64f62474a220f9994a62daae89556b690384,,
bidi_test3_wrapfig_633621c6,rejected,pdflatex_failed,0,0.1394170829999979,/usr/local/texlive/2026/texmf-dist/doc/latex/bidi/test3-wrapfig.tex,bidi,texlive_ctan_doc,compact_paper,captions;figures_images;text_sectioning,medium,62,2890,da317b455ea36ac102532791ff518823f8ca8437e3c7a3dc0d7d78d1eaba018a,,
moodle_test_autopoints_c66e34f9,rejected,distribution_cap_package,0,0.0,/usr/local/texlive/2026/texmf-dist/doc/latex/moodle/test/test_autopoints.tex,moodle,texlive_ctan_doc,letter_form_teaching,fonts_symbols;inline_math;text_sectioning,medium,84,2486,61c5bcf5115035e688ab8cdb060498d664d46c084308fec181878f716dee46c2,,
hrlatex_sample_minimal_utf8_1d439d6e,rejected,distribution_cap_form,0,0.0,/usr/local/texlive/2026/texmf-dist/doc/latex/hrlatex/sample.minimal.utf8.tex,hrlatex,texlive_ctan_doc,math_short,display_math;inline_math;minipage_boxes,medium,79,2898,b2055aa413cb2e7e6843b478a16ac6e2d29be9376c0916a312684c92dd154140,,
datatool_sample_sort_9c0caff1,rejected,page_count_5,5,4.3294250000000005,/usr/local/texlive/2026/texmf-dist/doc/latex/datatool/samples/sample-sort.tex,datatool,texlive_ctan_doc,table,custom_macros;simple_table;text_sectioning,medium,109,3096,cb480e66d4e03807ed35ef8351213606aadc8abd2cb710378aa776fa55504ff8,,
skeyval_skeyval_view_pokayoke1_74b510af,rejected,pdflatex_failed,0,0.2848991659999882,/usr/local/texlive/2026/texmf-dist/doc/latex/skeyval/skeyval-view-pokayoke1.tex,skeyval,texlive_ctan_doc,figure_diagram_plot,color;crossrefs;custom_macros;diagram_nodes_edges;display_math;tikz,medium,157,5606,d7a2e6ff9d7872c0d5e832bf30186f79e5e9812dbf1665ba4648d33d2d9536bd,,
songbook_sampleadx_addda469,rejected,pdflatex_failed,0,0.1571982920000039,/usr/local/texlive/2026/texmf-dist/doc/latex/songbook/sampleAdx.tex,songbook,texlive_ctan_doc,package_example,custom_macros;inline_math,medium,110,3851,582ae2f7301b339bc80fad9d7a58df15c0749f7076812f4c133de024d1a34f67,,
fitbox_sample_subfigure_6dd6409a,rejected,page_count_4,4,0.7514604170000041,/usr/local/texlive/2026/texmf-dist/doc/latex/fitbox/sample-subfigure.tex,fitbox,texlive_ctan_doc,compact_paper,captions;crossrefs;figures_images,medium,58,2076,3c3a9ff2ffdb8bc8a7f9697a8a0451eabe9bca28af90acb959f2dfc8fca61a61,,
moodle_test_calculated_lua_0a2c0955,rejected,distribution_cap_package,0,0.0,/usr/local/texlive/2026/texmf-dist/doc/latex/moodle/test/test_calculated_lua.tex,moodle,texlive_ctan_doc,letter_form_teaching,fonts_symbols;inline_math;text_sectioning,medium,73,2436,e91c79c31c40a117c224f93c9b41b2123176d824938c1c894892ce37b3ba65a1,,
libertinust1math_sample5_737c24a9,rejected,distribution_cap_form,0,0.0,/usr/local/texlive/2026/texmf-dist/doc/fonts/libertinust1math/sample5.tex,libertinust1math,texlive_ctan_doc,math_short,custom_macros;display_math;inline_math,medium,43,1821,530516bedd4dcf32d078333a6d7dd8e24b3da208d16b209d33b8265c5a02cc32,,
datetime2_datetime2_sample_styles_37b4532a,rejected,page_count_4,4,0.7030172089999951,/usr/local/texlive/2026/texmf-dist/doc/latex/datetime2/samples/datetime2-sample-styles.tex,datetime2,texlive_ctan_doc,table,custom_macros;simple_table;text_sectioning,medium,78,2291,2f4fb7def72883a9c9b1ae73e231d05b179b0b07d62eb6fff05a60907a8e1838,,
nl_interval_nl_interval_d6c01fe9,accepted,accepted,3,1.6521965000000023,/usr/local/texlive/2026/texmf-dist/doc/latex/nl-interval/nl-interval.tex,nl-interval,texlive_ctan_doc,figure_diagram_plot,inline_math;lists;text_sectioning;tikz,medium,138,5380,6df286bb8f8d025dcc0212ac98d974f7362cfeb095646196c09a8511e77c9388,6088137d3ede4cca793fbd80db65c6a74415a36dee84678b370b7c89f12616c7,data/texlive_seed_simple/corpus/figure_diagram_plot/nl_interval_nl_interval_d6c01fe9
songbook_sampletdx_18a57211,rejected,pdflatex_failed,0,0.15675037500000144,/usr/local/texlive/2026/texmf-dist/doc/latex/songbook/sampleTdx.tex,songbook,texlive_ctan_doc,package_example,custom_macros;inline_math,medium,106,3897,e567814fc351981306708db17d1097edfa334e2857859ab7ba7988115d74afb4,,
moodle_test_includegraphics_with_svg_a63fe027,rejected,distribution_cap_package,0,0.0,/usr/local/texlive/2026/texmf-dist/doc/latex/moodle/test/test_includegraphics_with_svg.tex,moodle,texlive_ctan_doc,compact_paper,figures_images;fonts_symbols;text_sectioning,medium,37,1576,97e02ce87d3a95ee2728b48274586a2314715d0799780393acf43f3db34da831,,
labbook_examplen_b494bbd5,rejected,pdflatex_failed,0,0.5859995830000031,/usr/local/texlive/2026/texmf-dist/doc/latex/labbook/examplen.tex,labbook,texlive_ctan_doc,letter_form_teaching,captions;crossrefs;figures_images,medium,71,2068,d230bb607f21ae2e105af4e1b64673bfba7a276b675773c5ad5a099c21f89ceb,,
libertinust1math_sample6_163c4f3b,rejected,distribution_cap_form,0,0.0,/usr/local/texlive/2026/texmf-dist/doc/fonts/libertinust1math/sample6.tex,libertinust1math,texlive_ctan_doc,math_short,custom_macros;display_math;inline_math,medium,43,1838,e09809b18efd1c65cf3138218d1f9214662aea793a2f6840c881dbcf53b0a7d4,,
limap_sample_484435e1,rejected,page_count_4,4,0.6470965829999926,/usr/local/texlive/2026/texmf-dist/doc/latex/limap/samples/sample.ltx,limap,texlive_ctan_doc,table,simple_table,medium,72,3431,5308ab15bd7d11952ebb6d735ef928fc250d22e745fc84e21bae43e8277d7cef,,
tikz_bagua_tikz_bagua_0dce7539,rejected,pdflatex_failed,0,0.4440493339999989,/usr/local/texlive/2026/texmf-dist/doc/latex/tikz-bagua/tikz-bagua.tex,tikz-bagua,texlive_ctan_doc,figure_diagram_plot,diagram_nodes_edges;inline_math;text_sectioning;tikz,medium,79,3160,69b97a9a02393164bc66c08fb099ec3cb44c895d693abe65117a1c83344abcfd,,
songbook_sampletoc_7be065dd,rejected,pdflatex_failed,0,0.17095754199999647,/usr/local/texlive/2026/texmf-dist/doc/latex/songbook/sampleToc.tex,songbook,texlive_ctan_doc,package_example,custom_macros;inline_math,medium,103,3793,5bdf04ea0684f09ef7551830cf7076e6ccf8081d0d575f61e2b43c108293493f,,
dvipdfm_sample_28ae997d,rejected,pdflatex_failed,0,0.1936039590000007,/usr/local/texlive/2026/texmf-dist/doc/dvipdfm/sample.tex,dvipdfm,texlive_ctan_doc,compact_paper,captions;color;crossrefs;figures_images;text_sectioning,medium,76,2379,bd6fffc8f27aa38c9130b938032685d1f1243f7d2b1235692f90e3c25b424791,,
glossaries_samplentn_a4f27958,rejected,page_count_5,5,1.2212229170000057,/usr/local/texlive/2026/texmf-dist/doc/latex/glossaries/samples/sampleNtn.tex,glossaries,texlive_ctan_doc,letter_form_teaching,fonts_symbols;inline_math;text_sectioning,medium,66,2392,ea60161cb82819b056e4d5c8247e01bcf0d7d09209c5c36d0a9f24fbf237faab,,
libertinust1math_sample4_3ae5064c,rejected,distribution_cap_form,0,0.0,/usr/local/texlive/2026/texmf-dist/doc/fonts/libertinust1math/sample4.tex,libertinust1math,texlive_ctan_doc,math_short,custom_macros;display_math;inline_math,medium,42,1815,781e59326ea7f82b2aa21fa1e44b27792f9fb9f2d4446b3c2c19700d674f06d6,,
sf298_sample298_a8dac1d2,rejected,page_count_7,7,0.726976666000013,/usr/local/texlive/2026/texmf-dist/doc/latex/sf298/sample298.tex,sf298,texlive_ctan_doc,table,custom_macros;display_math;footnotes;simple_table;text_sectioning,medium,131,4282,e8ed49641bddf965564c1196e6b1c202a9eb95b416cbd88fda61de82a0d5abbc,,
platex_tools_pxeveryshi_43799c53,rejected,pdflatex_failed,0,0.12243470800000011,/usr/local/texlive/2026/texmf-dist/doc/latex/platex-tools/pxeveryshi.tex,platex-tools,texlive_ctan_doc,figure_diagram_plot,diagram_nodes_edges;lists;text_sectioning;tikz,medium,64,2228,aa8a92d11dbdc47e4ee0d8be0e5a24cc5eb560200bee5e507daf80b8b0eae930,,
hrlatex_sample_fsbispit_9f623264,accepted,accepted,2,1.0684597079999918,/usr/local/texlive/2026/texmf-dist/doc/latex/hrlatex/sample.fsbispit.tex,hrlatex,texlive_ctan_doc,package_example,custom_environments;lists,medium,54,2374,dc284163c9912139409df94c54b19c9aaeb7323adb9366bcea041cc29efc7112,6c9aa788716f82897b4512210d29590d08d4482c2b600866db9dec2472c8ed07,data/texlive_seed_simple/corpus/package_example/hrlatex_sample_fsbispit_9f623264
moodle_test_verbatim_40cf7766,rejected,distribution_cap_package,0,0.0,/usr/local/texlive/2026/texmf-dist/doc/latex/moodle/test/test_verbatim.tex,moodle,texlive_ctan_doc,compact_paper,fonts_symbols;inline_math;text_sectioning,short,54,1394,1704a1025d92a7e2481886cedbd220f563b15ce47e664183a3966033d5f5bf54,,
mathexam_sample_b1217c8c,accepted,accepted,3,0.6774759999999986,/usr/local/texlive/2026/texmf-dist/doc/latex/mathexam/sample.tex,mathexam,texlive_ctan_doc,letter_form_teaching,display_math;inline_math;lists,medium,34,1704,6cb061bdb966786a5b76d1ef5000b95eb4b62cc19718e718f39a3eb33cb34928,bf4e4357451d0dda0a8bf4960947523e08e0d9ca85ed42a7bd315571208ebd72,data/texlive_seed_simple/corpus/letter_form_teaching/mathexam_sample_b1217c8c
glossaries_extra_sample_fmt_7f5bfb3f,rejected,distribution_cap_form,0,0.0,/usr/local/texlive/2026/texmf-dist/doc/latex/glossaries-extra/samples/sample-fmt.tex,glossaries-extra,texlive_ctan_doc,math_short,custom_macros;display_math;inline_math,short,46,1238,71dbbd0164a0f0da56bfe7c415ee5dced03afad43ab0eedf5bdefc26d41fddfd,,
japanese_otf_otftest_31d8c91e,rejected,pdflatex_failed,0,0.1280220000000014,/usr/local/texlive/2026/texmf-dist/doc/fonts/japanese-otf/doc/test/otftest.tex,japanese-otf,texlive_ctan_doc,table,fonts_symbols;inline_math;minipage_boxes;simple_table;text_sectioning,medium,109,6386,823f8670f44d21c4153ea678d6a1fde90e7d9c1929aa9af0489bfe58fd74af3e,,
support_twain1_1299ff93,accepted,accepted,2,1.0159813330000134,/usr/local/texlive/2026/texmf-dist/doc/support/srcredact/twain1.tex,support,texlive_ctan_doc,figure_diagram_plot,captions;color;crossrefs;diagram_nodes_edges;figures_images;lists;tikz,medium,106,4379,f90e3d51546f4391eead5050887a22d8682c4eef1c502d315ff52b6cf9dbcc3f,74f0df6648c2de6ee4744d1e53880489dfcdec4f24de417ca456402a39711e52,data/texlive_seed_simple/corpus/figure_diagram_plot/support_twain1_1299ff93
babel_greek_test_lgr_fixes_2540824c,rejected,distribution_cap_form,0,0.0,/usr/local/texlive/2026/texmf-dist/doc/generic/babel-greek/test-lgr-fixes.tex,babel-greek,texlive_ctan_doc,package_example,crossrefs;custom_macros;lists;text_sectioning,medium,142,6174,3a57d6da763fab6406bec549f0efc24656573adb228db5599635b669ae17de1f,,
moodle_test_horizontal_spacing_4478fca9,rejected,distribution_cap_package,0,0.0,/usr/local/texlive/2026/texmf-dist/doc/latex/moodle/test/test_horizontal_spacing.tex,moodle,texlive_ctan_doc,compact_paper,fonts_symbols;inline_math;text_sectioning,short,52,1493,588ff561776b11b3d1cd68d66f4c3aa0bb485f2e5c42dc04d325aba847537ec1,,
multiaudience_sample_42e35193,rejected,distribution_cap_form,0,0.0,/usr/local/texlive/2026/texmf-dist/doc/latex/multiaudience/sample.tex,multiaudience,texlive_ctan_doc,letter_form_teaching,crossrefs;diagram_nodes_edges;footnotes;inline_math;text_sectioning,medium,132,4302,13bbab410523a489586a1623ae22d3b4d197a50a5e5c2d297b474c76434e7467,,
skak_test2_c7ecfd28,rejected,distribution_cap_form,0,0.0,/usr/local/texlive/2026/texmf-dist/doc/latex/skak/test2.tex,skak,texlive_ctan_doc,math_short,display_math,short,19,477,665527e64eb78ea22547978710a4ec21a9a131502667ab42936d2191fe2907e9,,
psnfss_test0_d7985403,accepted,accepted,2,0.7068990420000034,/usr/local/texlive/2026/texmf-dist/doc/latex/psnfss/test/test0.tex,psnfss,texlive_ctan_doc,table,custom_macros;fonts_symbols;inline_math;simple_table;text_sectioning,medium,106,5287,5c443f2c9db98043a079af0b997e2958600fcaf9818e1ea0b8377e6de30013ef,8232b725912a812235c9500d603d8dc911fa9a6de5878d9ee11face4885af598,data/texlive_seed_simple/corpus/table/psnfss_test0_d7985403
support_twain1_uppercase_516d2067,accepted,accepted,2,0.9655524579999906,/usr/local/texlive/2026/texmf-dist/doc/support/srcredact/twain1-uppercase.tex,support,texlive_ctan_doc,figure_diagram_plot,captions;color;crossrefs;diagram_nodes_edges;figures_images;lists;tikz,medium,90,4123,134cd6f5f0af0c45e214846d05df57355fde9bbd6d4bf1464ff9fab2f2c833de,81897826bdbf9883bfff30382a3f1f668028c6c07005c16461ce51881f156dac,data/texlive_seed_simple/corpus/figure_diagram_plot/support_twain1_uppercase_516d2067
flowfram_sample_pages_1ce217b8,rejected,distribution_cap_form,0,0.0,/usr/local/texlive/2026/texmf-dist/doc/latex/flowfram/samples/sample-pages.tex,flowfram,texlive_ctan_doc,package_example,captions;crossrefs;custom_macros;figures_images;multi_column;text_sectioning,medium,82,2098,8378d5aaaa911165e5818a81295d6d047f66e2c3cf5337444ff785397a8a4fe5,,
venndiagram_venn_sample_20fc1efc,accepted,accepted,2,1.1057839999999999,/usr/local/texlive/2026/texmf-dist/doc/latex/venndiagram/samples/venn-sample.tex,venndiagram,texlive_ctan_doc,compact_paper,diagram_nodes_edges;fonts_symbols;inline_math,short,39,1345,35f21e4b86f59f8fc0e970110120fba34f98c9e838ba09769e9d8cfe6d593851,a9cbb397284375971e4b2e30e29828138a614fdddf9062ce1835f2aae2fe49bc,data/texlive_seed_simple/corpus/compact_paper/venndiagram_venn_sample_20fc1efc
acro_acro_example_basic_75b69205,rejected,distribution_cap_form,0,0.0,/usr/local/texlive/2026/texmf-dist/doc/latex/acro/examples/acro.example.basic.tex,acro,texlive_ctan_doc,letter_form_teaching,captions;crossrefs;display_math;figures_images;text_sectioning,medium,101,3214,2bdaa6fd187aff5faa9bf67ea1954fd2db5b0d314669eedc8fcc9ee51fc7d808,,
skak_test_capture_a4ed09ee,rejected,distribution_cap_form,0,0.0,/usr/local/texlive/2026/texmf-dist/doc/latex/skak/test_capture.tex,skak,texlive_ctan_doc,math_short,display_math,short,19,532,533acca689365f58baecdd7001690628b319edd2fc3cba39fba73d79059ef895,,
skak_demo_symbols_06f13aff,rejected,pdflatex_failed,0,0.12284870800000647,/usr/local/texlive/2026/texmf-dist/doc/latex/skak/demo-symbols.tex,skak,texlive_ctan_doc,table,simple_table,short,43,1331,c043b20ca86866954a36f518c7d4bd4c35aa3e2a441c11286b6f65a815699fee,,
support_twain1_default_70fce66c,accepted,accepted,2,0.9451990840000093,/usr/local/texlive/2026/texmf-dist/doc/support/srcredact/twain1-default.tex,support,texlive_ctan_doc,figure_diagram_plot,captions;color;crossrefs;diagram_nodes_edges;figures_images;lists;tikz,medium,90,4130,b4c5a6a0ea15d2237e661c23decee44adb5f0d1397d960d880122004fc51f926,82f5b556ce6a72abd9b86668db04c39393e8f9a71a006db86db0604eb31b6d13,data/texlive_seed_simple/corpus/figure_diagram_plot/support_twain1_default_70fce66c
refenums_demo_2418d6d4,rejected,distribution_cap_form,0,0.0,/usr/local/texlive/2026/texmf-dist/doc/latex/refenums/demo.tex,refenums,texlive_ctan_doc,package_example,crossrefs;custom_macros;lists;text_sectioning,medium,80,3165,bb2b120d43171654efd34a52c15cf0a61c456d55271e61868257a1c4c0a7836d,,
moodle_test_includegraphics_1dc116e1,rejected,distribution_cap_package,0,0.0,/usr/local/texlive/2026/texmf-dist/doc/latex/moodle/test/test_includegraphics.tex,moodle,texlive_ctan_doc,compact_paper,figures_images;fonts_symbols;text_sectioning,short,36,1427,b1b1c9fa9d3c3003d7dd56b866cf6f5f362539f8e674b722dbc5fa68e1e51e24,,
chemobabel_example_ja_4224f6c2,rejected,distribution_cap_form,0,0.0,/usr/local/texlive/2026/texmf-dist/doc/latex/chemobabel/example-ja.tex,chemobabel,texlive_ctan_doc,letter_form_teaching,captions;figures_images;inline_math,short,44,1422,a83103bf52603c7d12f75e57c5267b9830b3e3f9aac416354a75c03a236b01d3,,
autonum_test_freeze_eb5cfc9d,rejected,distribution_cap_form,0,0.0,/usr/local/texlive/2026/texmf-dist/doc/latex/autonum/test-freeze.tex,autonum,texlive_ctan_doc,math_short,aligned_math;captions;crossrefs;figures_images;text_sectioning,short,41,780,60fcf91b9604f17fe2b27fe81df283fde379854258cd869fd7bdd5100adc078a,,
japanese_otf_uotftest_2c68193c,rejected,pdflatex_failed,0,0.123468625000001,/usr/local/texlive/2026/texmf-dist/doc/fonts/japanese-otf/doc/test/uplatex/uotftest.tex,japanese-otf,texlive_ctan_doc,table,custom_macros;fonts_symbols;inline_math;minipage_boxes;simple_table;text_sectioning,medium,141,6870,cbb25ab012585385caad694042689941e443a67083b8eccdda7308ac801338c3,,
support_twain1_nobonds_0969ece8,rejected,distribution_cap_package,0,0.0,/usr/local/texlive/2026/texmf-dist/doc/support/srcredact/twain1-nobonds.tex,support,texlive_ctan_doc,figure_diagram_plot,captions;color;crossrefs;diagram_nodes_edges;figures_images;lists;tikz,medium,88,4016,0e622adc40243d0748cbaa13f82ff3db87932446ab432652659cafbbfa6e2001,,
japanese_otf_pkanatest2_f40a88b1,rejected,distribution_cap_form,0,0.0,/usr/local/texlive/2026/texmf-dist/doc/fonts/japanese-otf/doc/test/pkanatest2.tex,japanese-otf,texlive_ctan_doc,package_example,custom_macros;inline_math,short,45,1378,aa3a10edc34f53b6759b1d58a02bab686aefa1365c4b8d6f1ef0d55ea1379f43,,
moodle_test_includegraphics_via_tikz_5c553c79,rejected,distribution_cap_package,0,0.0,/usr/local/texlive/2026/texmf-dist/doc/latex/moodle/test/test_includegraphics_via_tikz.tex,moodle,texlive_ctan_doc,compact_paper,figures_images;fonts_symbols;text_sectioning,short,34,1216,a07cd14b1d46550b759dedb602324924ffe42c0290307d6642ab1279b30212fa,,
moodle_test_math_a7f681e4,rejected,distribution_cap_package,0,0.0,/usr/local/texlive/2026/texmf-dist/doc/latex/moodle/test/test_math.tex,moodle,texlive_ctan_doc,math_short,custom_macros;display_math;fonts_symbols;inline_math;text_sectioning,short,33,856,e1faca111e2abc4f6ea5f0456ae3448645e357f395a648b9aefea99b9ec699e5,,
libertinust1math_sample1_bff6f2ff,accepted,accepted,1,0.8445120829999979,/usr/local/texlive/2026/texmf-dist/doc/fonts/libertinust1math/sample1.tex,libertinust1math,texlive_ctan_doc,table,custom_macros;display_math;inline_math;simple_table,medium,58,2322,e8a7615a5d062a194ded301c47092f1e63a0c7371886ec945e869ed62dc25144,b28783976a9e13c88a2041447bb36f71541d2b4b6ef70420b9bba31fad96277c,data/texlive_seed_simple/corpus/table/libertinust1math_sample1_bff6f2ff
support_twain2_3f90fd1b,rejected,distribution_cap_package,0,0.0,/usr/local/texlive/2026/texmf-dist/doc/support/srcredact/twain2.tex,support,texlive_ctan_doc,figure_diagram_plot,captions;color;crossrefs;diagram_nodes_edges;figures_images;footnotes;lists;tikz,medium,107,4423,582d2bd12a5f6f385c869db6a2612f70d39cbdfdd02b1c5f1ffdb2677c4f7aa1,,
index_sample_47342898,rejected,distribution_cap_form,0,0.0,/usr/local/texlive/2026/texmf-dist/doc/latex/index/sample.tex,index,texlive_ctan_doc,package_example,custom_macros;inline_math;lists;minipage_boxes;text_sectioning,short,55,1408,9453e57516d3a3a604b32b1f81e6c10e679177de0b6ff41542092cb000b8220f,,
moodle_test_commands_24d669fc,rejected,distribution_cap_package,0,0.0,/usr/local/texlive/2026/texmf-dist/doc/latex/moodle/test/test_commands.tex,moodle,texlive_ctan_doc,compact_paper,fonts_symbols;inline_math;text_sectioning,short,34,1044,e977dccb741a3da7368da4b8449859956fe47c702caa17fe8ba4a917474b8bd6,,
randomlist_test_fr_c88797c6,rejected,distribution_cap_form,0,0.0,/usr/local/texlive/2026/texmf-dist/doc/generic/randomlist/test-fr.tex,randomlist,texlive_ctan_doc,math_short,display_math;minipage_boxes,medium,59,1829,f88aaaeec1f0d63224b18655f57fd25ce5155646775e66cc44de4c11a8bcafc7,,
libertinust1math_sample10_83b78d61,accepted,accepted,1,1.8812982089999934,/usr/local/texlive/2026/texmf-dist/doc/fonts/libertinust1math/sample10.tex,libertinust1math,texlive_ctan_doc,table,custom_macros;display_math;inline_math;simple_table,medium,58,2426,33db7e7a75f151f2ff6aedbb537e946da473d99e9defa037c7f1d8a34987f9ef,9acab7724f61c19ce5d33ca7e7469405fbb6b0da9431489f6521e451ef8dff98,data/texlive_seed_simple/corpus/table/libertinust1math_sample10_83b78d61
support_twain2_default_90425c6d,rejected,distribution_cap_package,0,0.0,/usr/local/texlive/2026/texmf-dist/doc/support/srcredact/twain2-default.tex,support,texlive_ctan_doc,figure_diagram_plot,captions;color;crossrefs;diagram_nodes_edges;figures_images;footnotes;lists;tikz,medium,91,4174,25d4ed64e012b7ef29dc15faf2f4210ebb0b20cbc726ee4705f74c8dd08e6cf5,,
srbook_mem_test_fbd5cd1a,rejected,distribution_cap_form,0,0.0,/usr/local/texlive/2026/texmf-dist/doc/latex/srbook-mem/Test.tex,srbook-mem,texlive_ctan_doc,package_example,text_sectioning,short,25,1064,35d735b767504a1d379d39a6ec29a631607c25fdba9faee51f1d471cf46963e7,,
moodle_test_cloze_numerical_95e5c725,rejected,distribution_cap_package,0,0.0,/usr/local/texlive/2026/texmf-dist/doc/latex/moodle/test/test_cloze_numerical.tex,moodle,texlive_ctan_doc,compact_paper,fonts_symbols;inline_math;text_sectioning,short,28,852,1f2e1f4b21bfef1dbaa35e1b8744163336623322cc494e5c2c4edd3e013a421a,,
randomlist_test_a667fddf,rejected,distribution_cap_form,0,0.0,/usr/local/texlive/2026/texmf-dist/doc/generic/randomlist/test.tex,randomlist,texlive_ctan_doc,math_short,display_math;minipage_boxes,medium,58,1712,b0d558e2c126f35de2c6d10bebc45c7afd3ec2eb463554e55a0893bc84c3fbde,,
libertinust1math_sample9_94b6e87c,accepted,accepted,1,0.940831958000004,/usr/local/texlive/2026/texmf-dist/doc/fonts/libertinust1math/sample9.tex,libertinust1math,texlive_ctan_doc,table,custom_macros;display_math;inline_math;simple_table,medium,58,2422,4b3b5e6a37b4823ddbd88c1a44fcf92e88a29cf97180af43d5acbe049eee0a47,3139e1a69923dfbe8c5de6bbb4d776fa5eda4e115b2a715f8c32ee482ffb9cfc,data/texlive_seed_simple/corpus/table/libertinust1math_sample9_94b6e87c
support_twain2_uppercase_9ae9d977,rejected,distribution_cap_package,0,0.0,/usr/local/texlive/2026/texmf-dist/doc/support/srcredact/twain2-uppercase.tex,support,texlive_ctan_doc,figure_diagram_plot,captions;color;crossrefs;diagram_nodes_edges;figures_images;footnotes;lists;tikz,medium,91,4167,fa2e24cd247478cefd4734f5fa37129c068f4e5d4d8e13b67ba1847ddae2bf3e,,
srbook_mem_testlight_f05a234b,rejected,distribution_cap_form,0,0.0,/usr/local/texlive/2026/texmf-dist/doc/latex/srbook-mem/TestLight.tex,srbook-mem,texlive_ctan_doc,package_example,text_sectioning,short,25,1073,6fd8d31359b34eaa157b41c4a2fe121cfd9d7dea920dbe8e5767d602642f8354,,
moodle_test_numerical_6c8efd44,rejected,distribution_cap_package,0,0.0,/usr/local/texlive/2026/texmf-dist/doc/latex/moodle/test/test_numerical.tex,moodle,texlive_ctan_doc,compact_paper,fonts_symbols;inline_math;text_sectioning,short,25,785,85d6ab7473d687c618795e83d939a58434a67a093fc577b0c602e024ba14568f,,
brushscr_sample_753f3bce,rejected,distribution_cap_form,0,0.0,/usr/local/texlive/2026/texmf-dist/doc/fonts/brushscr/sample.tex,brushscr,texlive_ctan_doc,math_short,custom_macros;display_math,medium,47,1845,19a8e7559e61561c1c5d42e673cf46244b984f8374fe1dfa73e3e5a02c5589cf,,
libertinust1math_sample3_4c0139d2,accepted,accepted,1,0.8780507919999962,/usr/local/texlive/2026/texmf-dist/doc/fonts/libertinust1math/sample3.tex,libertinust1math,texlive_ctan_doc,table,custom_macros;display_math;inline_math;simple_table,medium,58,2414,8b01a5cf5f7604b2b8ff501a4078ed526ffe8806d2c300cd6d12682ada119f13,3769ecec6d0bff6c3156839844e59d79b22914d73fe14f007a18183956bf2fb6,data/texlive_seed_simple/corpus/table/libertinust1math_sample3_4c0139d2
support_twain2_nobonds_523824eb,rejected,distribution_cap_package,0,0.0,/usr/local/texlive/2026/texmf-dist/doc/support/srcredact/twain2-nobonds.tex,support,texlive_ctan_doc,figure_diagram_plot,captions;color;crossrefs;diagram_nodes_edges;figures_images;footnotes;lists;tikz,medium,89,4060,f72e22b30d99cd9cc1e58b315004a222660338a7e864ebdf8343849af96595e9,,
japanese_otf_jis2004_95abbf1d,rejected,distribution_cap_form,0,0.0,/usr/local/texlive/2026/texmf-dist/doc/fonts/japanese-otf/doc/test/jis2004.tex,japanese-otf,texlive_ctan_doc,package_example,custom_macros;fonts_symbols;inline_math,medium,45,3177,57c89e03836824b001d547bf5a2f823456c449185c5848cfcfa3fc33f0fb5f78,,
flowfram_sample_news_47cbea81,accepted,accepted,1,0.9384461669999951,/usr/local/texlive/2026/texmf-dist/doc/latex/flowfram/samples/sample-news.tex,flowfram,texlive_ctan_doc,compact_paper,figures_images;text_sectioning,medium,150,5579,4734a77b13e7d076bd2de923a1aeab1bc0fa75ec935ab7530c5dc6cfc1bd5b12,590a90498eefab1654872dc96cf7b640924840989cf436ba6e27dff6380ee632,data/texlive_seed_simple/corpus/compact_paper/flowfram_sample_news_47cbea81
subfigure_test2_dd19f4ef,rejected,distribution_cap_form,0,0.0,/usr/local/texlive/2026/texmf-dist/doc/latex/subfigure/test2.tex,subfigure,texlive_ctan_doc,math_short,captions;crossrefs;custom_macros;display_math;figures_images;minipage_boxes,medium,83,2484,cddeb615345bdbab41006e0f04d1757dc5510a29825dcc66e3112d79b153f7af,,
libertinust1math_sample7_9d375fbd,rejected,distribution_cap_package,0,0.0,/usr/local/texlive/2026/texmf-dist/doc/fonts/libertinust1math/sample7.tex,libertinust1math,texlive_ctan_doc,table,custom_macros;display_math;inline_math;simple_table,medium,57,2360,03019d486b5ed9eb4bf39a2f564c3ed0e3e957c54d6ed32e887eac4c72f277ad,,
support_twain_edited_4389eec6,rejected,distribution_cap_package,0,0.0,/usr/local/texlive/2026/texmf-dist/doc/support/srcredact/twain-edited.tex,support,texlive_ctan_doc,figure_diagram_plot,captions;color;crossrefs;diagram_nodes_edges;figures_images;footnotes;lists;tikz,medium,89,4060,f72e22b30d99cd9cc1e58b315004a222660338a7e864ebdf8343849af96595e9,,
bxjaprnind_sample_bxjaprnind_8a05fce6,rejected,distribution_cap_form,0,0.0,/usr/local/texlive/2026/texmf-dist/doc/latex/bxjaprnind/sample-bxjaprnind.tex,bxjaprnind,texlive_ctan_doc,package_example,custom_macros;lists;minipage_boxes;text_sectioning,medium,122,2911,75f32b3986aaa90a1f2914a48aa8f6899b53a4caeedf0f314dcbee09c9026079,,
datetime2_en_fulltext_sample_en_fulltext_da62d689,accepted,accepted,2,0.9896913749999925,/usr/local/texlive/2026/texmf-dist/doc/latex/datetime2-en-fulltext/sample-en-fulltext.tex,datetime2-en-fulltext,texlive_ctan_doc,compact_paper,lists;text_sectioning,medium,89,2775,e6c3aaefeb945e0d2b6a1a12b2b1ab79e58c713a47a97154768b304066ee2b54,456de4eadbfc9f1610c204a87c9f3271a11f3a79f312c2a92408a61d90e8ab65,data/texlive_seed_simple/corpus/compact_paper/datetime2_en_fulltext_sample_en_fulltext_da62d689
minutes_sample_cc1d184f,rejected,distribution_cap_form,0,0.0,/usr/local/texlive/2026/texmf-dist/doc/latex/minutes/Sample.tex,minutes,texlive_ctan_doc,math_short,custom_macros;display_math;inline_math;text_sectioning,medium,69,2507,c1fe312183306efa374e86d0dd88728a73403aaf31fb2593f4994365ac5bbf83,,
libertinust1math_sample2_7e91f363,rejected,distribution_cap_package,0,0.0,/usr/local/texlive/2026/texmf-dist/doc/fonts/libertinust1math/sample2.tex,libertinust1math,texlive_ctan_doc,table,custom_macros;display_math;inline_math;simple_table,medium,57,2346,02e5010d66df518436ce9995b464252e45601d0533c46c0277e050b1967f6aa0,,
tikz_bagua_tikz_bagua_en_9b52d1a8,accepted,accepted,3,3.521780208999999,/usr/local/texlive/2026/texmf-dist/doc/latex/tikz-bagua/tikz-bagua-en.tex,tikz-bagua,texlive_ctan_doc,figure_diagram_plot,citations_bibliography;diagram_nodes_edges;inline_math;text_sectioning;tikz,medium,82,4225,37f7b56d832e3763487d362597503a79e56af71f26df333ef8e84f01f225c16b,0dc54f31e2d1af86821ab8ba27aaddd766d3d40f43442a12c39853dc21fe8085,data/texlive_seed_simple/corpus/figure_diagram_plot/tikz_bagua_tikz_bagua_en_9b52d1a8
flexipage_test_flexipage_c0ef75e0,rejected,distribution_cap_form,0,0.0,/usr/local/texlive/2026/texmf-dist/doc/latex/flexipage/Test-flexipage.tex,flexipage,texlive_ctan_doc,package_example,color;custom_macros,medium,107,3718,3ca78800e88d612e78edacad0b64017ec5cda38c07cfdd0132de8eeaf226a5ea,,
subfigure_test4_6141a8db,accepted,accepted,2,0.8161002920000016,/usr/local/texlive/2026/texmf-dist/doc/latex/subfigure/test4.tex,subfigure,texlive_ctan_doc,compact_paper,captions;crossrefs;figures_images;text_sectioning,short,36,973,4356adf6820ee6d58b0d2eaeb6a57007986f90300bfefe94cd6bdaf4658b7381,82a253a576073d5707d0c645d5d21478ddf524067f5663bfb679facad886c042,data/texlive_seed_simple/corpus/compact_paper/subfigure_test4_6141a8db
